muong,viet,mu_sentence,vi_sentence
a chi,"chi, đâu",Ho chăng lễ a chi.,Tôi không lấy chỉ đâu.
a chi,"chi, đâu",Chăng tau a chi.,Không đau đâu.
a cỏ,có (dùng làm tiếng đệm),,
a máy,"nhưng, nhưng mà",Môch khảng a máy thày bảng năm đã.,Một tháng nhưng mà lâu bằng nửa năm đấy.
a ơi,"à ơi, ò ơi",(chỉ dùng trong mo để kết một khúc diễn xướng).,
a ôi,à ơi,(chỉ dùng trong mo để hết thúc một khúc diễn xướng).,
à,à,Ủn mởi tiếnh ni à?.,Em mới đến đây à?
à,"chi, đâu",Chăng tau à chỉ.,Không đau đâu.
à,à,"À hay dửa, cải ni ho i ưa.","À hay nhỉ, cát này tôi cũng thích."
à,"cậu, mày, bạn, u.u... (ngôi thứ hơi)",À Phúc ơil.,Bạn Phúc ơi!
à,"cậu, mày, bạn, u.u... (ngôi thứ hơi)",À Phúc nả ti chỡ. Cứi Phúc nó đi chợ.,
à pữa,hay sao,"Ho pỗ pổl dỗng, mé da tướng là hong à pữa?.","Tớ nói đùa, nhưng cậu tưởng thật hay sao?"
ả,cây mua,Đố ả đớ.,Thấy hoa mua nở.
ả,cây mua,Pé kènh lả ả tha ngồi.,Bẻ cành lá mua lót để ngôi.
á,đấy,Ni á?.,Đây á?
á,"thôi, mà, đấy thôi, đấy mà",Ho lê á!,Tôi lấy đấy mà!
á,"thôi, mà, đấy thôi, đấy mà",ăn cơm đếp á.,ăn cơm nếp thôi.
á chua cỏ,nhưng (mà) chưa có,Hảo ăn á me cơm chua cỏ.,Muốn ăn cơm nhưng chưa có.
á mãi,"cô, đ, cô gái, con gái",Á mãi mường Pi.,Cô gái mường Bi.
á máy,nhưng mà,Hảo ăn cả á máy chua cổ (cả).,Muốn ăn cá nhưng mà chưa có (cú).
á máy,nhưng mà,Xấu măt á máy chăt lòng. Xấu mặt nhưng mà chặt lòng; người tuy không đẹp về hình thức nhưng tốt bụng.,
á mé,nhưng mà,"Nả nhó, á mé nả hăng.","Nó tuy nhỏ, nhưng khoẻ."
á mé,nhưng mà,Ké chiểu á mé hum chiềng.,Tuy riêng chiếu nhưng mà chung giường.
á mơi,đấy.,Qua ti dỗng á mơi.,Chúng tôi đi chơi đây.
á thơi,"thôi mà, đấy thôi, mà thôi.",Ho pỗ pổl dỗng á thơi.,Tớnói đùa thôi mà.
ác,quạ.,Con ác nì lông dầm.,Con quạ này lông màu đen.
ác,ác.,Mõl chi mà ác điênh thỉa?,Người gì mà ác quá như vậy?
ác cám,ác cảm.,Là po mà da cỏ ác cám pỡi nả dòng đỉ?,Làm sao mà anh có ác cảm với nó như vậy
ác liêt,ác liệt.,Hal pên tảnh rà ác liêt.,Hai bên đánh nhau ác liệt.
ác mồm,ác khẩu.,ác mồm ác mẽnh.,Mồm miệng nói toàn điều ác (ác mồm ác miệng).
ác tlỗng,ác tâm.,Mõl chi mà ác tlỗng điênh thỉa?.,Người gì mà ác tâm thế?
ác tôc,ác độc.,"Mễ đỉ, ác tôc lẳm.","Bà ấy, ác độc lắm."
ải,đen.,,
ải,ái.,"Ải, tau lẳm.","Ái, đau quá."
ái,ải.,Tất cằl phái tí cho ái cẩl lõ hơ mới thốch.,Đất cày phải để cho ải thì cấy lúa mới tốt.
aich chà,ái chà.,Aich chà! Cải nì thốc là hong.,Ái chà! Cái này đẹp thật.
ãinh,"dở, hâm, dở hơi.",Mõl đỉ ãinh.,Cô ấy dở (người).
ãinh,"dở, hâm, dở hơi.",Enh đỉ là mõl ãinh.,Anh ấy là con người dở hơi.
ãinh,xấu hổ.,Là dòng đỉ ho măng ãinh lẳm.,Làm như thế mình thấy xấu hổ lắm.
al,không dốc đứng.,Mải nhà nì al.,Mái nhà này không dốc đứng.
ảm đẳng rám nắng.,Ta ho ảm đẳng rồi.,Da tớ rám nắng rồi.,
ản,án (tù).,Nả phái ản tù hal năm.,Nó bị hai năm tù.
ản,"1. được, thắng.",Khi chẵl pởi pẫu nả ản pẫu.,"Thi chạy với mọi người, nó thường giành phân thắng (được cuộc)."
ản,2. được. Ho tõn ấn đăm tổng.,Tôi nhặt được năm đồng.,
àn,2. được. Ho tõn ấn đăm tổng.,"Ớ miểng nì, chăng ản là ổn ào.","Ở chỗ này, không được làm ồn ào."
ản ăn,1. được ăn.,Ho chua ản ăn cơm.,Tôi chưa được ăn cơm.
ản ăn,2. ăn được.,Tlải nì ản ăn.,Quả này ăn được.
ân cẫy,"được nhờ, được cậy nhờ, được nhờ (và).",Da chỏng cá ti tí qua ản cẫy.,Em lớn nhanh cho ta nhờ.
ản cẫy,"bị đòn, bị ăn đòn, bị đánh đòn.",Chở nhãm mà ản cẫy.,Đừng có khóc mà bị ăn đòn. ản chác được mua; được một cách chắc chắn.
ản đố,thấy.,Enh ản đố cải còng kha ớ no chăng.,Anh có thấy cái còng vợt ở đâu không?
ản hay,"được biết, được hay.",Pỗ pĩ tí da ản hay.,Nói thế cho anh được biết.
ản hùa,cảm ơn.,Da là wiêc dúp ho à? Ản hùa da nỡ.,Cậu làm (việc) giúp tớ à? Cảm ơn cậu nhé.
ản kểl,để gối (đầu).,Là kềl tí ản kểl tlốc.,Làm gối để gối đầu.
ản mãng,án mạng.,Ngày hơ ớ mường nõ cỏ ản mãng.,Hôm kia ở mường nọ có án mạng.
ản mùa,được mùa.,Năm nay tàn tôi ản mùa.,Năm nay chúng tôi được mùa.
ân mũi,hắt (xì) hơi,"Chăng mắt ông ay dắc tiếnh miềnh, mà ản mũi mãi. Không biết ai nhắc đến tôi mà cứ hắt hơi suốt.",
ản ngõ,"để được xem, để được nhìn thấy, trông thấy",Da mủa thốch ti qua ản ngỏ.,Cô múa đẹp vào để cho chúng tôi xem.
ản ỏng,để (được) uống,Lễ đác lãi ni tí cho pổ ản ông.,Lấy nước lại đây để cho bố uống.
ản ớ,để (được) ở,Là nhà thốch tí ha ấn ớ.,Làm nhà đẹp để ta ở.
ản pỉ,"được thế, được uậy (được như thế)","Mong po, ẳn pì.",Mong sao được vậy.
ản tam,được gánh; nặng gúnh,"Lõ xẩu, ản tam mé chăng ản hot.",Lúa xấu gánh thì nặng nhưng ít họt.
ản thiểng,được lời,Ản thiểng nhơ bớ tlỗng bớ lằng.,Được lời như cởi tấm lòng.
ản tiởng,để trứng,Con ca nì án tiởng tà khênh pa chuc tlải rồi mà cử còn ản.,Con gà này đẻ đã gân ba chục trứng rồi mà vẫn còn đề.
ang,ang,Cải ang nì pằng khènh.,Cái ang này bằng sành.
ang,ang,Pơng ang đác tha tí ha thứa thay.,Bưng cái ang nước ra đây để ta rửa tay.
ảng,"bãi, nơi",Ảng tlu.,Bãi chăn trâu.
ảng,"bãi, nơi",ảng nhúc.,"Nơi phơ thịt, bày thịt (sơu khi thịt trâu, lợn, bò)."
ảng,đường,Ảng khả.,Đường đi.
ảng chầu,sân chẩu,Kinh vua nò i cỏ ảng chầu.,Kinh vua nào cũng có sân chầu.
ảng dỗng,"sân chơi, bãi chơi, nơi chơi","Ti miểng khác, ni chăng phái ảng dỗng.",Đi chỗ khác đây không phải sân chơi.
ảng hỗi,"nơi tự tập để vui vẻ, hội hè",,
ảng khả,đường đi,"Tôi hảo ti wềl Hoà Bình, ti ảng khả nò ông là ơn chí đủm cổng.",Tôi muốn đến Hoà Bình thì phải đi đường nào nhờ ông chỉ giúp.
ảng khênh chầu,"bãi, sân, nơi để chầu gặp vua quan",,
ảng liễn,áng liễn (một nơi ở trên trời theo tưởng tượng của dân Mường),,
ảng mãi,"nơi, chỗ có thể tỏ tình với các cô gái",,
ảng rão,nơi tụ tập để uống rượu,Ầm ầm nhơ ảng rảo.,Ồn ào như nơi đang uống rượu.
ảng tàu păl,sân bay,Nả tõn àn cải nì ớ ảng tàu păl. Nó nhặt được cái này ở sân bay.,
ảng tlò,bấi điền trò,Pui hay nhơ ảng tò.,Vui hay như nơi diễn trò.
ảng túc củ,"bãi, sân cho lợn ăn",Pổ tang ớ tlong ảng túc củi.,Bố đang ở chỗ cho lợn ăn.
anh dũng,anh dũng,Nả chít môch cách anh dũng lẳm.,Anh ấy chết rất anh dũng.
anh hùng,anh hùng,Enh Tình ản phong anh hùng lao đỗng.,Anh Tình được phong anh hùng lao động.
anh tão,anh tạo (một chức trong bản mường tương đương trưởng xóm trong chế độ nhà Lang Mường),,
ao,ao,Tâm ao hắc đần.,Đầm ao cạn đần.
ao,ao,Lễ tẩu là ao tí chia lõ cho rà.,Lấy đấu ao để chia thóc cho nhau.
ao lâm,ao chuôm,Mưa cá đác ngâp hết ao lâm.,Mưa lớn nước ngập ao chuôm.
ào ào,ào ào,Đác cháy ào ào.,Nước chảy òo ào.
ảo,áo,Ho hảo mua môch cải ảo.,Tôi muốn mua một chiếc áo.
ảo cá thay,áo thụng,Ho măc ảo cá thay nì thốch chăng?.,Tớ mặc áo thụng này đẹp không cậu?
ảo bóc,áo vóc,"Ảo bóc là đồ khang, pac vàng là cúa dàu.","Áo vóc là đồ sang, vàng bạc là của giàu."
ảo chùng,đo dài,Ngày lễ ngày thết pẫu mặc ảo chùng.,Ngày lễ ngày tết người ta mặc áo dài.
ảo dáp,áo giáp,Cải nì là cải ảo dáp.,Cái mày là cái áo giáp.
ảo ẻ,nhau,"Cã tế, ảo ẻ tha thước pẫu rằng nhau tiền đão.","Lúc sinh con, nhau ra trước, người ta bảo đó là nhau tiền đạo (nơi chôn nhau cắt rốn)."
ảo gẩm,áo gấm,ảo gẩm ti khẩm.,áo gấm đi đêm.
ảo kép,áo kép,Ngày hỗi pẫu măc ảo kép.,Ngày hội người ta mặc áo kép.
ảo kềl,áo gối,Ủn Phúc pả ảo kềl thốch lẳm.,Cô Phúc khôu áo gối đẹp lắm.
ảo khoang,áo choàng,Pái nì băl ảo khoang chắc thốch.,Vải này may áo choàng chắc là đẹp.
Ảo lẵn,áo lặn,Cải nì là ảo lẵn.,Cái này là áo lặn.
ảo lót,áo lót,Ho ói khây măc ảo lót.,Tôi ít khi mặc áo lót.
ảo lũa,áo lụa,"Ảo lũa, ảo lĩnh.","Áo lụa, áo lĩnh."
ảo mưa,áo mưa,"Da tỉ chỡ, mua đủm ho môch cải ảo mưa.",Cậu đi chợ mua giùm tôi một cái áo mưa.
ảo pẳn,áo ngắn,Ảo nì hốc là ảo pẳn.,Áo này gọi là áo ngắn.
ảo pông,áo bông,Khẳng chả phái cỏ ảo pông tí măc.,Mùa rét phải có áo bông để mặc.
ảo tainh,áo đan,"Ảo len nì là ảo tainh, chăng phái ảo chuông.","Chiếc áo len này là áo đan, không phải là áo dệt."
ảo tan,áo đơn,Ảo kép ảo tan ủn mãi tỏng tàn tỉ dỗng.,Các cô gái mặc áo hép áo đơn kéo thành đoàn đi chơi.
ảo táy,áo ngủ,Ảo rỗng nì là ảo táy.,Áo rộng này là áo ngủ.
ảo thẳm,áo tắm,Thẳm pế pẫu hay măc ảo thẳm.,Khi tắm biển người ta hay mặc áo tắm.
ảo tlòn,vải bọc ngoài quan tài,,
ảo tỗi,áo giấy đậy ngoài quan tài của người chết thuộc họ quyền quý,,
áo tơi,áo tơi,Ảo tơi pẫu tainh pằng lả mỉ mùi. Áo ứơi người ta dan bằng lá cọ.,
áp,áp (sát).,Áp mả pao nầng.,Áp má vào vách.
áp cháo,áp chảo.,Mỏn nhúc áp cháo nì điênh ăn lẳm.,Món thịt áp chảo này ăn ngon lắm.
ay,ai.,"Ay tỉ pỡi da, hay là da tỉ môch tlủa?.","Ái đi với anh, hay là anh đi một mình?"
ay,ấy.,Ay từng.,Ấy đừng.
ay,cũng.,Là pỉ ay ản.,Làm thế cũng được.
ay,cũng.,Móng mưa ay chăng mưa.,Mong mưa mỗi mà cũng chẳng thấy mưa.
ay ay,ai ai,Ay ay y hảo môch cuôc khổng hãnh phúc.,Ai ai cũng muốn có một cuộc sống hạnh phúc.
ay đỉ,"ai đấy, ai đó.","Ay đỉ, cử bớ cứa pao.","Ai đấy, cứ mở cửa vào."
ay rằng,ấy (tiếng đệm trong mo).,,
ay ti,ấy (tiếng đệm trong mo).,,
ay tú,cũng đủ.,"Cơm đo, hão ay tú.","Cơm no, rượu cũng đủ."
ay yểng,"nghe theo, vâng lời.",Pô po ho ay yểng.,Nói sao thì tôi cũng nghe theo.
ăn,ăn.,Tôi ăn cơm.,Tôi ăn cơm.
ăn,"thắng, ăn.",Dỗng xố xổ môch ăn páy mươl.,Chơi xổ xố một ăn bảy mươi.
ăn bảm,ăn bám.,Ngay chăng chĩu là wiêc là tửa ăn bảm.,Ai không chịu làm việc là người ăn bám.
ăn buôl,ăn vụng.,Ăn buôl xẩu lẳm.,Ăn vụng xấu lắm.
ăn cháng bỏi,ăn nhạt.,Enh hảo ăn chẳm hay ăn cháng bỏi?,Anh muốn ăn mặn hay ăn nhạt?
ăn chay,ăn chay.,Tlước ăn chay khau ăn nhúc.,Trước ăn chay sauăn thịt.
ăn chắc mặc pền,ăn chắc mặc bền.,Ha phái tỉnh kể ăn chăc măc pền.,Ta phải tính kể ăn chắc mặc bền.
ăn chẳm,ăn mặn.,Ăn chẳm hay khát đác.,Ăn mặn hay bhót nước.
ăn chơi,"ăn chơi, chơi bời.",Ăn chơi ớ dỗng nơi tàng tlal ảng mãi.,Ăn chơi ở nơi trai gái tỏ tình.
ăn cỗ,ăn cỗ.,Ngày dao ti ăn cỗ.,Ngày mai đi ăn cỗ.
ăn cơm đếp,ăn xôi.,Mõl ưa ăn cơm đếp.,Người Mường thích ăn xôi.
ăn cơm ngày,ăn sáng.,,
ăn cướp,ă cướp.,Thàng đỉ cỏ tưởng ăn cướp.,Thằng ấy có tướng ăn cướp.
ăn dả,"ăn giá, thỏa thuận giá.",Cải nì ăn dả hãng nò?.,Cái này giá bao nhiêu?
ăn dan,ăn gian. Tẻnh quay pẫu hay ăn dan.,Khi đánh bạc người ta hay ăn gian.,
ăn dòi,ăn dè.,Kenh ói phái ăn đòi.,"Thức ăn ít, phải ăn dè."
ăn dỗ,ăn giỗ.,May nì ho ti ăn dỗ ớ quêl tliênh.,Hôm nay tôi đi ăn giỗ ở xóm trên.
ăn dỗng,ăn chơi.,Thấc nì là đỗ ăn dỗng.,Thức này là đồ ăn chơi.
ăn dỗng ớ dẵng,"ăn chơi, ở chơi chốn ấy.",Ăn đỗng ớ dẫng pỡi hà têm may cho tẩng nhở.,Chơi uới nhau đêm nay cho thỏa nỗi nhớ.
ăn đeo,ăn ít.,Nả ăn đeo lẳm.,Nó ăn ít lắm.
ăn hùa,ăn nhờ,Nhó ăn hùa cơm pổ mễ tí cá.,Khi còn nhỏ ăn nhờ cơm bố mẹ để lớn; Khi còn nhỏ được bố mẹ nuôi nấng cho khôn lớn.
ăn hương,ăn hương (chỉ dùng khi thắp hương để cúng bái),Ăn hương ỏng khỏi.,Ăn hương uống khói; thắp hương (lời trong cúng bái).
ăn kẻn,khảnh ăn,Con nhà nì nả hay ăn kên lẳm.,Con nhờ này khánh ăn lắm.
ăn khao,ăn khao,Ông Tin ăn khao nhà mới.,Ông Tin ăn khao nhà mới.
ăn khớp,ăn khớp,Chăng ăn khớp.,Không ăn khớp.
ăn kiêng,ăn kiêng,Tửa pẫn phái ăn kiêng đồ hách.,Người mới đẻ phải ăn kiêng chất tanh.
ăn lãi,ăn lãi,"Cho wăl tiền, ăn lãi kiếu mễ nì dàu to đã.",Cho vay tiền để ăn lãi kiểu bà này thì giàu to đấy.
ăn lẵng ớ lãi,ở lại,Enh ti wềl nhà wềl tũn ủn ăn lẵng ớ lãi căm nhở căm thương.,"Anh đi về nhà (anh), em ở lại với cả lòng nhớ thương."
ăn lẫn,"ăn thêm, ăn nữa",Thàng nì ăn tà đo mé còn hảo ăn lẫn.,Thằng này ăn đã no nhưng vẫn muốn ăn nữa.
ăn lót tã,ăn lót dạ,Ủn enh pao ăn lót tã tlước cã ti là wiêc.,Anh em ăn lót dạ trước khi đi làm việc.
ăn lọc,"ăn lộc, hưởng lộc",Nả ăn lôc pổ mễ nả.,Nó được hưởng lộc bố mẹ nó.
ăn lỗm,"ăn cắp, ăn trộm",Tãi là po da ti ăn lỗm cúa pẫu?.,Tại sao anh đi ăn cắp của nhà người ta?
ăn lỗm ăn liễn,ăn trộm,Ăn lỗm ăn liễn là chí mà điênh mõl xấu.,Ăn trộm làm cái gì để thành kẻ xấu.
ăn mày,ăn mày,"Ti ăn mày, chăng mắt xẩu hố à?.",Đi ăn mày không xấu hổ à?
ăn măc,ăn mặc,Ủn Tư ăn măc luỗm thuỗm quả.,Em Tư ăn mặc lôi thôi quá.
ăn mờng,ăn mừng,"Tẩng ổm, ho phái ăn mờng.",Khởi ốm tôi phải ăn mừng.
ăn nằm,ăn nằm,Nả ăn nằm pỡi rà tà lô.,Chúng ăn nằm với nhau đã lâu.
ăn nòm,ăn cưới,Ngày dao ti ăn nòm ủn Tư.,Ngày mai đi ăn cưới em Tư.
ăn ói,ăn ít,Po da ăn ói mẫn đĩ ủn?,Sao em ăn ít thế?
ăn ớ,ăn ở,Mã Đông ăn ớ điênh mõl phúc hẫu là hong.,Bờ Đông là người ăn ở phúc hậu.
ăn pỗ,ăn nói,Phái tâp ăn pỗ cho tú tể.,Phải tập ăn nói cho tử tế.
ăn pớch,ăn bớt,Ăn pớch phần cúa pẫu mà tem thỗi.,Đừng ăn bớt phần của người khác mà mắc tội.
ăn ró,ăn cơm mà không có thức ăn,Pữa hôm nay nhà ho ăn ró.,Bữa tối nay nhà tôi ăn cơm không có thức ăn.
ăn ró,ăn mà không chịu trả tiền; ăn không,Nả ăn ró cúa mễ đỉ đăm cải pẻnh mà chăng tlá tiền.,Nó ăn không của bà ấy năm cái bánh mà không trả tiên.
ẩm,cái ấm,ỏng hết pa ẩm đác chua tẩng khát.,Uống hết ba ấm nước chưa đã khát.
ẩm,ấm,"Hôm may tlời đẳng ẩm rồi, chăng chả nưa.",Hôm nay trời nắng ấm rồi không lạnh nữa.
ẩm áp,ấm áp,Thiểng enh ẩm áp cơ nồng.,Tiếng anh ấm áp lắm thay.
ẩm ẩm,âm ấm,Đác hơi ẩm ẩm vừa đã chở là nỏng mẵn.,Nước âm ấm thì vừa đừng làm nóng quá.
ẩm ở,ấm ớ,"Da ẩm ở mẵn đỉ, lần khau ay tin da nưa?","Anh ấm ớ quá uậy, thì lần sau ai tin anhnữa?"
ẩm pu,cái ốm có hình như cái bu nhốt gà,,
ẩm ức,ấm ức,Còn măng ẩm ức tlong tlỗng lẳm.,Còn cảm thấy trong lòng ấm ức lắm.
ấm,ẩm,Tlong puồng nì ấm lẳm.,Trong buông này ẩm lắm.
ấm,"ướt, chưa khô","Cải ảo nì còn ấm, tà khô no.",Cái áo này chưa khô.
ấm hấm,"âm âm (tiếng sấm rền vang từ xa vọng lại), lâm râm",Tau tlỗng ấm hấm.,Đau bụng lâm râm / lâm râm đau bụng.
ân xả,ân xá,Nả phái tù hal năm rồi ản ân xả.,Nó phải tù hai năm thì được ân xá.
ẩn hành,"ấn hành, xuất bản",Môch quyến khách pằng thiểng Mõl tà ản ẩn hành.,Một quyển sách bằng tiếng Mường đã được ấn hành.
âp,ập,Khỗ mưa âp tiểnh.,Cơn mưa ập đến.
ấp,ấp,,
ấp,ấp,Ca ấp tlởng.,Gà ấp trứng.
ấp ú,ấp ú,Cảy ấp ú tàn con thơ.,Mẹ thương yêu ấp ủ đàn con nhỏ.
âu,âu (đựng nước),,
âu,gâu (tiếng chó sủa),Con chỏ nả tẽ âu âu.,Con chó sủa gâu gâu.
ầu ầu,ều ều (tiếng gọi chó),"Ầu ầu, con chỏ tôi ớ no rồi?.","Ều ều, con chó của tôi ở đâu rôi?"
Ấu,ẩu,Enh đỉ lải xe ấu lẳm.,Anh đó lái xe ẩu lắm.
Ấu,ẩu,Chiên môn là ấu.,Chuyên môn làm ẩu.
Ấu đá,ẩu đả,Là chỉ mà ấu đá rà điênh thỉa?.,Làm cái gì mà ẩu đả nhau như vậy?
Ẩy ẩy,"úi úi, ối ối","Ấy ẩy, là po",
điênh pỉ?.,"Úi úi, làm sao thế",,
vậy?,,,
Ấy,ẩy,Ấy cứa tha.,Ấy cửa ra.
bà,"đụng, chạm (bàn tay vào người hoặc vật)",Thay da bà phái đổng ho.,Bàn tay anh chạm vào lưng tôi.
bà,vịn,Thay bà pao pản cứa.,Tay vịn vào bao cửa.
bá,bả,Chở cho ca ăn bá rề mà nả chít.,Đừng để cho gà ăn bả chuột mà nó chết đấy.
bá,"nôn, mửa",Nả khay rão bá cá têm.,Nó say rượu nôn mửa cả đêm.
bã,bã,"Tố bã chè nì ti, hãm ẩm khác.",Đổ bã chè này đi để hãm ấm khác.
bac ác,bạc ác,Mõl chi mà bac ác mẵn đỉ.,Người gì mà bạc ác như vậy.
bac đãi,bạc đãi,Mõl chi mà bac đãi quả nhơ thỉa.,Người gì mà ăn ở bạc đãi quá như vậy.
bac hà,bạc hà,"Nổ kenh chua mà chăng cỏ bac hà, nả chăng điênh ăn.",Nấu canh chua mà không có bạc hà thì không ngon.
bác,bác,Xin phép bác tôi wềl.,Xin phép bác tôi về.
bác,chặt vục vào bên trong hay chặt cây thành bậc thang để trèo,,
bác hà,khỉ mặt đỏ,Tlước măt tó thớl nhơ bác hà.,Mặt đỏ gay như khỉ mặt đỏ.
bác hõ,bác họ,Bac In là bác hõ cúa ho.,Bác In là bác họ củo tớ.
bác roch,bác ruột,Ông Tư là bác roch tôi.,Ông Tư là bác ruột tôi.
bach kim,bạch kin. platinum,Ay mắt cải chất bach kim nả nhơ thỉa nò?,Ai biết chất bạch kim nó như thế nào?
bach tãng,bạch tạng,Nả là mõl bach tãng.,Nó là người bạch tạng.
bách,"ngoáy, chọc",Mũi tao bách bằng mu.,Dùng múi dao để ngoáy lấy măng mu.
bách,húc,Tlu bách hà.,Trâu húc nhau.
bai,cái mai,Ti chỡ mua chầm mua bai.,Đi chợ mua thuổng mua mai.
bài,bài,"Chăng lo hoc, chí lo bài pỡi pac.",Không lo học hành chỉ lo bài bạc.
bài,"bài (bài hát, bài học)",Ủn Tư tang học bài.,Em Tư đang học bài.
bài,vài,Bài tồng tiền.,Vài đồng bạc.
bài hát,bài hát,"Bài hát ""Tiển quân ca"" là quốc ca Việt Nam.","Bài hát “Tiến quân ca "" là quốc ca Việt Nam."
bài hoc,bài học,Bài hoc nì hay lẳm.,Bồi học này hay lắm.
bài là,bài làm,Bài là cúa ủn phái rồi.,Bài làm của em đúng rồi.
bài luỗn,bài luận,Bài luỗn cúa da thật là chỉ lỉ,Bài luận của em thật là chí lí.
bài pac,"bài bạc, cờ bạc",Muốt bài pac quả hê chăng điênh.,Ham mê bài bạc quá không tốt.
bài tâp,bài tập,Ho tang là bài tập.,Tớ đang làm bài tập.
bài thơ,bài thơ,Bài thơ hay ay i ưa.,Bài thơ hay ai cũng thích.
bài thuốc,bài thuốc,Ho cỏ từ bài thuốc hay lẳm.,Tôi có nhiều bài thuốc hay lắm.
bài tlừ,bài trừ,Phái bài tlừ cho ản nãn ngiễn hút.,Phải bài trừ cho được nạn nghiện hút.
bài vớ,bài vớ,Thứa nò da chăng hoc bài vớ cúa da ti?,Sao con không học bài đi?
bải,vái,Bải chào.,Vái chào.
bải tất,vò đất,Chở tí ủn bải tất.,Đừng để em nhỏ vò đất.
bải điênh,"nhào, vò đất để nặn nên cái gì đó",Bải tất khét điênh pát đênh tĩa.,Đất nặn thành bát đĩa.
bái,rời ra,Chân nhẩm bái khũ.,Chân giẫm làm đá rời ra và rơi xuống.
bãi liêt,bại liệt,Mã Phiểu tà bãi liêt ản hal năm nay rồi.,Bà Phiếu bị bại liệt đã hai năm nay rồi.
bãi lỗ,bại lộ,Chiễn nì mà bãi lỗ đẽ chít hết.,Chuyện này mà bại lộ thì chết hết.
baích,vạt nhọn,Tôi tang baích côt rào.,Tôi đang vạt nhọn cột rào.
bảl,phía,Bảl tlong.,Phía trong.
bảl,chẻ,Ché bảl cáp tha là tũa.,Chẻ thanh tre ra làm đũa.
bảl,"vơ cỏ, làm sạch cỏ bằng tay",Ủn tỉ bải.,Em đi vơ cỏ.
bảl dẫng,"rặng, phía, bên",Chủ nhà ngồi bảl dẫng quèn tlong.,Chủ nhà ngôi ở phía trong.
bảl chờ,mặt dưới,"Bảl chờ là măt đải, bải tiênh là măt lènh.","Mặt dưới là mặt trái, mặt trên là mặt phải."
bảl tỉn,"phía dưới, bên dưới, mặt dưới","Bảl tỉn là măt đải, bál tliênh là măt lành.","Bên dưới là mặt trái, bên trên là mặt phải."
bản,bản (làng),Mõl tlong bản.,Người trong bản.
bản,ván,Nầng nhà lắp bản.,Vách nhà lắp ván.
bản,đẽo,Ho tang bản tỗ nhà.,Tôi đang đềo cột nhà.
bản đáo,bán đảo,Nả thỗi pó mõl điênh phái tày tha bản đáo.,Nó tội giết người nên bị đày ra bán đảo.
bán khai,bản khai,Hảo là wiêc phái nôp bán khai lỉ lich.,Muốn làm việc phải nộp bản khai lí lịch.
bán nháp,"bản nháp, bản ráp",Ni là bán nháp.,Đây ià bản nháp.
bán tin,bản tin,Huôch khảng mởi nhẫn ản môch bán tin.,Cả tháng mới nhận được một bản tin.
bán xao,bản sao,Ni là bán xao.,Đây là bản sao.
bãn,vạn,Pa bãn tồng.,Ba vạn đồng.
bãn đãi,bạn đại,Dẫn bãn đãi.,Đân vạn đại.
bãn lôc,vạn lộc,"Bãn phúc, bãn lôc.","Vạn phúc, vạn lộc."
bang,hoẵng,"Con nì là con bang, chăng phái là con đai.",Con này là con hoẵng chứ không phải con nai.
bang,hoẵng,Bang hốc tliênh rầng.,Hoẵng kêu trên rừng.
bang,"khoang, đốm",Chỏ bang.,Chó khoang.
bang,"mang, khoác",Da tỉ no mà thay xéch kéch bang?,Cô đi đâu mà tay xách nách mang?
bang,"mang, khoác",Bang thông.,Khoác túi.
bang,"mang, khoác",Bang thỗi bang nỡ.,Mang tội mang nợ.
bang bổl,thằn lằn,Con bang bổl ăn ản chăng?,Con thằn lằn ăn được không?
bang khoèo,con cheo cheo,Nhúc con bang khoèo điênh ăn lẳm.,Thịt con cheo cheo ăn ngon lắm.
bảng,"nửa, một nửa",Cho ủn môch bảng tlải pưới.,Cho em một nửa quả bưởi.
bảng,bên,Da ớ bảng nõ đĩ à?,Anh ở bên kia à?
báng dầm,bảng đen,Da la ơn cho ho maĩnh cải báng dầm.,Em làm ơn cho tôi mượn cái bảng đen.
bao,tui,Bao ảo ho dac rồi.,
Túi áo tôi rách rồi.,,,
bao,"bao, gói",Bao tiêm.,Bao điêm.
bao,"bao, gói",Bao chè.,Gói chè.
bao,"bao, gói",Khảng nì ăn hết môch bao cảo.,Tháng này ăn hết một bao gạo.
bao tlùm,bao trùm,Ni là vẩn đề cỏ tỉnh bao tlùm nhất.,Đây là vấn đề có tính bao trùm nhất.
bao khón lả,baothuốc lá,Ho cỏ môch bao khón lả pa con đăm.,Tôi có một bao thuốc lá ba con năm.
bao tưỡn,ruột tượng,Cải bao tưỡng mễ đỉ chắc là từ tiền lẳm.,Cái ruột tượng bà ấy chắc là nhiều tiền lắm.
bảo cảo,báo cáo,Môch tuồn enh phái bảo cảo cho tôi môch lần.,Một tuần anh phải báo cáo cho tôi một lần.
bảo chỉ,báo chí,Nước ha cỏ từ cơ quan bảo chỉ.,Nước ta có nhiều cơ quan báo chí.
bảo dẫi,báo thức,Tồng hồ bảo dãl cã páy dờ.,Đồng hồ báo thức lúc bảy giờ.
bảo đỗng,báo động,Bảo đỗng nhà chẳl.,Báo động nhà cháy.
bảo tin,báo tin,Ho bảo tin mờng cho ông pà hay rằng....,Tôi báo tin mừng cho ông bà biết...
báo vễ,bảo vệ,Tữ báo vễ lễ miềnh.,Tự lo bảo vệ mình.
bão,"bạo, mạnh bạo",Bão mồm bão mẽnh.,Bạo mồm bạo miệng.
bão chủa,bạo chúa,Ác nhơ bão chủa.,Ác như bạo chúa.
bat,hắt,Đác mưa bat pao nhà.,
Nước mưa hắt vào nhà.,,,
bát,cây mát (một thứ cây ở rừng),Chả khảng đăm tằm tằm pông bát.,Rét tháng năm đằm đằm bông hoa cây mát; rét tháng hai cây mát ra hoa.
bát nhảo,bát nháo,Chở dỗng pỡi thàng bát nhảo đi.,Đừng chơi với thằng bát nháo ấy.
bau,mau (trái với thưa),Mưa bau.,Mưa mau.
bau mẽnh,"mau miệng, luôn miệng",Người đi bau mẽnh.,Cô ấy nói luôn miệng.
bay,cái bay,Chăng cỏ cảy bay tí là po mà tliết ản?,Không có cái bay thì làm sao mà láng được?
Bắc,Bắc,"Đông, Tây, Nam, Bắc.","Đông, Tây, Nam, Bắc."
bắc,mắc,Cau pớ khởm mà chăng bắc con cả nò.,Câu từ sáng mà không mắc con cá nào.
bắc,mắc (bệnh),Khảng chả hay bắc bễnh củm.,Mùa rét hay mắc bệnh cúm.
bắc bắc,khanh khách (tiếng cười),"Điênh tay, nả cười bắc bắc.",Khoái chí nó cười khanh khách.
bắc cau,mắc câu,"Con cả tà bắc câu, chăng cữa tha ản.","Con cá đã mắc câu, không gỡ ra được."
bắc ket,mắc kẹt,Ho phái bắc ket hùa da đã.,Tao bị mốc kẹt vì mày đấy.
bắc lừa,mắc lừa,Ho phái bắc lừa thằng đỉ rồi.,Tôi bị mắc lừa bởi thằng đó rôi.
bắc má,liệm,Pẫu bắc má ông đỉ cã lẵn măt tlời.,Người ta liệm ông ấy lúc mặt trời lặn.
bắc nãn,mắc nạn,"Thiền nhó tha pế cá, hay bắc nãn.",Thuyền nhỏ ra biển cả hay mắc nạn.
bắc nỡ,mắc nợ,Nả còn bắc nỡ ho pa tồng.,Nó còn mắc nợ tôi ba đồng.
bài ảo,may áo,"Mãng ỡi, băl ảo mới cho ho. Mẹ ơi, may áo mới cho con.",
băl băl,cỏ may,Pông có băl băl hay chọc pẻn quần ảo.,Bông cỏ may hay đâm dính vào quần áo.
băl băl,cỏ may,Pông băl băl păl tlong xỏ.,Bông cỏ may bay trong gió.
băl pả,khâu vá,Băl pả chi ủn.,Khâu vá cái gì đấy em?
bẳl măt,"chớp mắt, máy mắt",Chăng mắt tãi ma chi mà ho bẳl măt mãi.,Không hiểu tại sao mà tôi máy mắt liên tục.
bẳm,mắm,Nhà mễ đỉ cỏ môch pàng bẳm thép điênh ăn lẳm.,Nhà bà ấy có một hũ mắm tép ăn ngon lắm.
bẳm,mắm,Bẳm cả.,Mắm có.
bẳm,mắm,Bắm thôm.,Mắm tôm.
băn khoăn,băn khoăn,"Da chăng phái băn khoăn chi nưa, chiễn chỉ tiểnh ná há tiểnh.","Anh không phải băn khoăn lo lắng gì nữa, chuyện gì đến nó sẽ đến."
bắn,"bẳn (tính), cáu",Náy bắn liênh.,Phát bẳn lên.
bắn,"bẳn (tính), cáu","Ho hay bắn tỉnh lắm, da chở ngắm là po nỡ.","Tớ hay cáu lắm, cậu đừng chấp nhé."
băng,măng,Băng mu tồ ăn tẳng ngảu.,Măng vầu đồ ăn đắng quá.
băng,băng,Ni là cải cuỗn băng đỉnh.,Đây là cuộn băng dính.
băng pỏ,băng bó,"Băng pỏ vết thương da lãi, tớ điênh thỉa ruồi nả pu pao đưới lắm.","Băng bó vết thương lại, để như vậy ruồi nó bâu trông ghê lắm."
băng tle,măng tre,Băng tle tẩm chua i điênh ăn.,Măng tre ngâm chua ăn cũng ngon.
bằng,bằng,Nả cỏ bằng tủ tài.,Nó có bằng tú tài.
bằng lải,bằng lái,Nả cỏ bằng lải tàu thí.,Nó có bằng lái tàu thủy.
bằng lòng,bằng lòng,Ho bằng lòng mua pỡi dả đỉ.,Tôi bằng lòng mua với giá đó.
bẳng,mắng,"Chở là dòng đỉ, nả bẳng cho mà thiêt.","Đừng làm như vậy, nó mắng cho mà thiệt."
bằng bun,chửi rủa,Khà mễ đỉ tài bẳng bun.,Bà già ấy tời chửi rủa.
bẳng chớ,chửi đổng,"Khây hôm pà đỉ bât ca, khởm may bẳng chớ ti.","Đêm qua mất gà, sáng nay bà ta chửi đổng."
bẳng chưới,chửi mắng,Mễ đỉ bẳng chười con cá ngày.,Bà ấy chủi mắng con suốt ngày.
bẳng tlá,"mắng trả, cãi lại","Bẳng tlá pổ cây, tiểu đỉ chăng điênh.","Cãi lại bố mẹ, điều đó không nên."
bẳng rà,chửi nhau,Chở cỏ bẳng rà mà xẩu hố pẫu.,Đừng có chửi nhau mà xấu hổ người ta.
bẳng thề,chửi thề,Bẳng thề điênh thỉa chăng điênh no.,Chửi thề như vậy không tốt.
bâc,bậc,Cải bâc khũ nì nả khơn lẳm.,Cái bậc đá này nhẵn lắm.
bâc,bậc (trong quan hệ),Ông Cương là bâc pổ cây.,Ông Cương là bậc cha mẹ.
bâc tliênh,bề trên,Ông đỉ là bâc tliênh ho chăng đẳm khể no.,"Ông ấy là người bề trên, tôi không dám nói đâu."
bẩl,mò mẫm,Têm thổl da bẩl ti no?,Đêm tối này mày mò mẫm đi đâu?
bầl xầl,"nhếch nhác, lôi thôi, lếch thếch, v.v... (hình dung sự không tốt, không đẹp)",Quần ảo bầl xầl.,Quần áo rúm ró nhếch nhác.
bầl xầl,"nhếch nhác, lôi thôi, lếch thếch, v.v... (hình dung sự không tốt, không đẹp)",Miếng nhúc bầl xầl. Miếng thịt bèo nhèo.,
bâm,mâm,"Ti maĩnh cho ho mẩy cải bâm, ói nưa ho pày cỗ.",Đi mượn cho tôi mấy cái mâm tí nữa tôi bày cỗ.
bâm cỗ,mám cỗ,"Bâm cỗ nì còn thiểu đác bẳm, tàn ủn ời.",Mâm cỗ này còn thiếu nước mắm mấy cô ơi.
bâm hồng,mâm rồng,Tũa khon bâm hồng nhơ ông pỡi bỡ.,Đũa son mâm rồng như chồng với vợ.
bâm khon,mâm son,Bâm khon pát khử.,Mâm son bát sứ.
bâm puc,"bục, bạo (cửa)",Bâm puc bỏng pão.,"Bục cửa, bạo cửa sổ."
bẩm,bấm,"Hảo pẫu bớ cứa, phái bẩm chuông.",Muốn người ta mở của phải bấm chuông.
bân xân,"thướt tha, suôn, mềm mại, v.v",Thắc enh chàng bân xân.,"Tóc anh chàng bân xân (hình ảnh mới tóc đẹp, chùng)."
bần cùng,bần cùng,Nhà tửa Dẫu y bần cùng lẳm.,Gia đình anh Dậu cũng bần cùng lắm.
bần nông,bần nông,Tlùa nhà mễ Tươi là môch nhà bần nông.,Gia đình bà Tươi là một gia đình bần nông.
bấn phẫn,"phận, bổn phận",Bấn phẫn là con phái hầu pỗ mễ.,Bổn phận làm con phải hầu cha mẹ.
bẫn hãn,"hạn, vận hạn",Mõl khổng chăng tiẻnh khói bẫn hãn.,Người sống thường không tránh khỏi vận hạn.
bẫng,vững,"Nả tau lô lẳm rồi, ti chăng bẫng nưa.","Nó đau lâu lắm rôi, đi không vững nữa."
bất,mất,Ho là bất hết chây tờ hỗ thân rồi.,Tôi làm mất hết giấy tờ cá nhân của tôi rồi.
bất chảu,mất rể,"Con cải nả tá ông, thứa là nhà đỉ bất chảu.","Con gái họ bỏ chông, thế là họ mất rể."
bất cốc,mất hết vốn,Ti puôn bất cốc.,Di buôn mất cả vốn.
bất cốc,mất gốc,Nả là môch thàng bất cốc.,Hắn là một thằng mất gốc.
bất công,mất công,"Bất công ti liênh ti thuổng, chăng ản wiêc chi.","Mất công đi lên đi xuống, không được việc gì cả."
bất cướp,bị cướp mất,"Nã cỏ ói tiền, mé ti khả bất cướp hết.","Nó có một ít tiền, nhưng đi đường bị cướp mất hết."
bất lằng,mất lòng,Là cho ay bất lằng.,Làm mất lòng ai.
bất lằng,mất lòng,Thiếng pỗ chăng bất lằng ké khỏ con khang.,Lời nói không mất lòng kẻ khó người sang.
bất lỗm,mất cắp,Đồ da bất lỗm hết rồi à?,Đồ đạc của mày bị mất cắp hết rồi à?
bất mãn,bất mãn,Ho thật là bất mãn tàn cảy wiệc da là.,Những chuyện anh làm tôi bất mãn lắm.
bất mãng,mất mạng,"Dỗng pởi khủng tãn, bất mãng nhơ chơi.",Chơi với súng đạn đễ mất mạng như chơi.
bất mùa,mất mùa,Năm nay tãi hãn tàn tôi bất mùa.,Năm nay đại hạn chúng tôi bị mất mùa.
bất ngờ,bất ngờ,"Nả tiểnh bất ngờ, chăng lâp chẵl.","Nó đến bất ngờ, không kịp chạy."
bất nhẩl,giật mình hoảng sợ,Da chở hét to mà thàng đét bất nhẩl.,Mày đừng hét to mà thằng nhỏ giột mình hoảng sợ.
bất nhân,bất nhân,"Mõl dan ác, bất nhân.","Kẻ gian ác, bất nhân."
bất ró,mất không,"Bất ró hal tồng, chăng ản cải ma chi.","Mất không hai đồng bạc, chẳng được tích sự gì cả."
bất táy,mất ngủ,Tà hal têm bất táy.,Đã hai đêm mất ngủ.
bất thiểng,cấm khẩu,Nâ ổm bất thiểng rồi.,Nó đau nặng cấm khẩu rồi.
bất tích,mất tích,Con tửa mễ đỉ bất tích tà hal năm nay rồi.,Con trai bà ấy đã bị mất tích đã hai năm nay rồi.
bất tính,bất tỉnh,"Hal khà tảnh rà, rồi hal khà tều bất tính.",Hai người đánh nhau rồi cả hai đều bất tỉnh.
bất tlĩ,bất trị,Con cảy nhà ay mà lòl quả hê bất tlĩ là hong.,"Con cái nhà ai mà nghịch quá, bất trị thật."
bất wãi,mất vía,Đố nả lù lù môch cổ là miềnh bất wãi.,Thấy nó lù là một đống làm mình mất vía.
bất wắng,mất hút,Nả ti khả nò bất wắng thìm chăng tha.,Nó đi đường nào mốt hút tìm không ra.
bât xât,lật phật (mô tỉ âm thanh),,
bầu,cây bầu; quả bầu,Nhà mễ Việt cỏ môch rường bầu khai lẳm.,Nhà bà Việt có một giàn bầu sai lắm.
bẩu,bấu,Bẩu thay.,Bấu tay.
bẩu bỉu,bấu víu,Nả chăng mắt bẩu bỉu pao no.,Nó không biết bấu víu vào đâu.
bẩu nẻo,bấu véo,Da chở bẩu nẻo ho mà tau.,Em đừng bấu véo anh mà đau.
bẩu xẻ,bấu xé,"Là chi mà phái bẩu xẻ rà điênh thỉa, hảo pó rà à?","Làm gì mà bấu xé nhau như vậy, muốn giết nhau à?"
bây,"phó bĩnh, bây bạ","Cải tlu nì kẻo cằl tà nhoc, nả hay bây.","Con trâu này kéo kày đã mệt, nó hay phá bĩnh."
bây,"bao vây, bao quanh, vây quanh",Hào bây tí khói tlu lổn.,Rào vây quanh để ngăn trâu khỏi chui phá.
bẩy,"từ dùng ở cuối câu kể, miêu tả",Đố dòng đi đã bẩy.,Thấy như thế (đấy).
bẫy,vậy,Là chi thở bẫy?.,Làm gì vậy?
bẫy,bậy,Da ớ yên chở pỗ bẫy.,Mày im đi đừng nói bậy.
bẫy bã,"bậy bạ, lung tung",Enh đỉ cỏ (mẩy) hớp rão pao là pỗ chớ cháng bẫy bã.,Anh ấy có ba hớp rượu vào là nói lung tung.
bẻ,"bé, nhỏ",Còn bẻ.,Còn bé.
bẻ bẻ,bé nhỏ,Bẻ bẻ mé cỏ tiẻ cong lằng.,Tuy bé nhưng có sức mạnh trong lòng.
bể hà tlêu,bé hạt tiêu,Đố nả bẻ hà tiêu điênh thỉa mé nả hăng lẳm.,"Trông nó bé hạt tiêu đấy, nhưng nó gan lắm."
bé,tấm phên (để phơi đựng),Bé kẻn.,Phên đựng kén tằm.
bẻo,méo,Khây nò nả nhãm mồm nả bẻo lãi môch pên.,Mỗi khi khóc mồm nó méo xệch đi.
bep,bẹp,Da puồn chi mà nằm bep cá ngày?,Cậu buồn gì mà nằm bẹp cả ngày?
bep dỉ,bẹp gí,"Chăng dẫl mà ti là, còn nằm bep dỉ ớ đỉ à?","Không dậy mà đi làm, còn nằm bẹp dí ở đó à?"
bét,nhão,Tất bét.,Đất nhão nhoét.
bét,bét (thứ hạng),"Chăng mắt nả học hành là po, mà khảng nò nả y chõng bét.","Không biết nó học hành thế nào, mà tháng nào cũng đứng hạng bét."
bét bét,chim én,Mùa lẽnh chim bét bét tha từ lẳm.,Mùa rét chin én ra nhiều lắm.
bét bét,chim én,Bét bét păl tliênh tlời,Chim én bay trên trời.
bê tông,bê tông,Cẩng nhơ bê tông cốt khách.,Cứng như bê tông cốt sắt.
bể mac,bế mạc,Chương tlình tàn tôi tiểnh ni là bể mac.,Chương trình của chúng tôi đến đây là bế mạc.
bếch,"chặt, vát",,
bễnh,bệnh,Mùa nỏng hay bắc bãnh tau tlỗng.,Mùa hè hay mắc bệnh đau bụng.
bễnh đải,kiết lị,Ay cỏ bễnh đải hay tau tlỗng cá ngày.,Ai có bệnh kiết lị hay đau bụng cả ngày.
bễnh khới,bệnh sởi,Đét con hay điênh bễnh khới.,Trẻ em hay mắc bệnh sởi.
bễnh hay lây,bệnh hay lây,Bễnh lao là bễnh hay lây.,Bệnh lao là bệnh hay lây.
bễnh the lùn,bệnh hủi,"Mễ đỉ mắc bễnh the lùn, mé tà tẩng rồi.",Bà ấy mắc bệnh hủi nhưng đã khỏi rồi.
bếp,mếu,Là po da lãi bếp nhãm rồi.,Làm sao mà lại mếu khóc rồi.
bếp,"nốt, vết bớt",Nả cỏ môch cải bêp ớ pên mả tăm.,Nó có một cái bớt ở bên má phải.
bếp nhãm,khóc mếu,"Ngỏ cải mẽnh nả bếp nhãm, nả bẻo ti môch pên.","Nhìn cái miệng nó khóc mếu, méo đi một bên."
bì,"bì, túi",Cải nì là bì đởng cảo.,Cài này là bì đựng gạo.
bỉ quyết,bí quyết,Bỉ quyết cúa thành công là chiu khỏ.,Bí quyết của thành công là chịu khó.
bỉ thư,bí thư,Enh Ba là bỉ thư đoàn thanh niên.,Anh Ba là bí thư đoàn thanh niên.
bí ổi,bỉ ổi,Wiệc da là quả bí ổi.,Việc này làm quá bì ổi.
bĩ can,bị can,Bĩ can A phái tù pa năm.,Bị can A bị tù ba năm.
bĩ cảo,bị cáo,Phiên toà nì xứ pa bĩ cáo.,Phiên toà này xử ba bị cáo.
bia,bia,"Xin ông vui lòng dùng bia ró, ớ ni chăng cỏ đác đả ẽ.","Xin ông vui lòng dùng bia không, ở đây không có đá."
bìa,bìa,Cải bìa khách nì thôch lẳm.,Cái bìa sách này đẹp quá.
bĩa,bịa,Bĩa chiễn.,Bịa chuyện.
bĩa tach,bịa đặt,Nả khể tlóng là chiễn bĩa tach.,Nó nói toàn chuyện bịa đặt.
bĩa tliễn,bịz chuyện,Da chở bĩa tliễn tha mà chít.,Mày đừng bịa chuyện ra mà chết.
biên,phên cót nỏ,Lễ pồn tach pao biên tí pằm nhúc ca.,Lấy thớt đặt lên phên cót để chặt thịt gà.
biên chép,ghi chép,Da phái biên chép pao khố khách tú tể háy.,Cậu phải ghi chép vào sổ sách cẩn thận nhé.
biên thên,ghi tên,Ho hảo biên thên pao hoc lớp y tả.,Tôi muốn ghi tên vào học lớp y tá.
biển bất,biến mất,"Cẵm cẵm đô nả biển bất, chăng mắt nả tỉ no.","Bỗng nhiên nó biến đi mất, không biết nó biến đi đôu."
biễn dái,biện giải,Nả biễn dái i tài điênh nả chăng phãi thỗi.,Nó biện giải cũng tài nên nó không bị tội.
biêng,chăn đơn,"Cải biêng nì hel quả hê, khảng chẳ lãnh mẵn đã.","Cái chăn này mỏng quá, mùa đông thì lạnh lắm."
biêng,chăn đơn,Tủm biêng.,Đắp chăn đơn.
biểng,ninh (cái bằng đồng khi đồ đặt ở dưới cùng để đun lấy hơi làm chín gạo hoặc thức ăn ở trên),,
biết,biết,Biết chữ.,Viết chữ.
biểu,biếu,Nhẫn quà biểu.,Nhận quà biếu.
biểu xén,biếu xén,"Cải quà cúa pẫu biểu xén, là chi mà cỏ từ.",Quà người ta biếu xén làm sao mà cho nhiều được.
biếu dương,biểu dương,Cấp tliênh biếu đương thành tích ha.,Cấp trên biểu dương thành tích chúng ta.
biếu ngữ,biểu ngữ,"Cã ti, chứ cầm theo hal cải biếu ngữ nì.",Khi đi nhớ mang theo hai cái biểu ngữ này.
biếu tình,biểu tình,Enh tà dữ cuôc biếu tình nò chua?,Anh đã dự cuộc biểu tình nào chưa?
bỉm,"ví, bóp","Cải bỉm da cá, chắc cỏ từ tiền.",Cái ví anh to thế chắc có nhiều tiền.
bỉm thay,ví xách tay,Tàn tôi chăng khây nò dùng bỉm thay no.,Chúng tôi không dùng ví xách tay đâu.
binh lỉnh,binh lính,Tời binh lnh cỏ từ khỏ nhọc.,Đời bính lính có nhiều vất vả.
binh lứa,binh lửa,Thời binh lứa cá xã hỗi khố.,Thời binh lửa cả xã hội khổ.
bình,bình,Tí cải bình nì pao cân khữa nhà.,Đặt cái bình này ngay giữa nhà.
bình hão,bình rượu,,
bình hương,bình hương,Cải bình hương nì thốch lẳm.,Cái bình hương này đẹp lắm.
bip,bịp,Nả tang là tlò bip pẫu.,Nó đang làm trò để bịp người ta.
bip bỡm,bịp bợm,Nả là thàng bip bỡm.,Nó là thằng bịp bợm.
bỉu,"níu, víu",Ủn bỉu chặt pao chăng há nả lớ.,Em níu cho chặt vào không ngã.
bỉu môi,bĩu môi,Ho là chi mà da bỉu môi?,Tao làm gì mà mày bĩu môi?
bo,cây bo (một loại cây giống cây riềng),,
bỏ,giếng,Cải bỏ đác nì đác maích lẳm.,Cái giếng nước này nước mát lắm.
bỏ,"trông coi, trông nom",Bỏ ùn.,"Trông em, giữ em."
bỏ,"trông coi, trông nom",Da bỏ ủn khẻo dửa.,Cháu trong em khéo nhỉ.
bỏ Bon,giếng Bon (tên một cái giếng ở mường Bi),,
bỏ Bon,Trông con,Chăng cung bỏ con cho ho.,Chẳng có ai trông con cho tôi.
bỏ bốc,giếng khơi,Cải bỏ nì là bỏ bốc.,Cái giếng này là giếng khơi.
bỏ Cá,giếng Cả (tên một giếng ở mường Khến),,
bỏ Cờ,giếng Cờ (tên một giống ở mường Khến),,
bỏ dầu,giếng đâu,"Ở wài pế, pẫu tang khoan bỏ dầu.",Ở ngoài biển người ta đang khoan giếng dầu.
bỏ đác,"giếng nước, giếng phun",Bỏ đác nì maích lẳm.,Giếng nước này mát lắm.
bỏ đác mach,giếng nước mạch,Maích nhơ bỏ đac mach.,Mát như giếng nước mạch.
bỏ Đân,giếng Đân (tên một giếng ở mường Bi),,
bỏ Lang,suối Tưng (tên một khúc suối ở mường Bi),,
bỏ Lảo,giếng Láo (tên một giếng ở mường Bi),,
bổ Mười,giếng Mười (tên một giếng ở mường Bi),,
bỏ Thô,giếng Thô (tên một giếng ở đất mường),,
bỏ pảnh,giếng phun,Bỏ đác nì là bỏ pảnh.,Giếng nước này là giếng phun.
bó,lá bó (tên một loại lá cây dùng để làm thuốc nhuộm đen),,
bó,bỏ,Nhỗn quả hê tá bó con đét ãm thổl ngày.,Bận quá bỏ trẻ con khóc cả ngày.
bó phiểu,bỏ phiếu,Ngày dao là ngày bó phiểu.,Ngày mai là ngày bỏ phiếu.
bó quả,bỏ quá,Xin ông mễ bó quả cho chiễn đỉ.,Xin ông bà bỏ quá cho chuyện đó.
bõ,bọ,Da chí là dổng khâu bõ ăn hãi.,Mày chỉ là giống sâu bọ ăn hại.
bóc,móc,Cầy bóc cua.,Cẩy móc cua.
bóc,vóc,Thốch nhơ ảo bóc.,Đẹp như áo vóc.
bóc gẩm,"vóc gấm, gấm vóc",Bóc gẩm là đồ cúa quan tlênh mẫn ngày.,Vóc gấm ngày xưa chỉ có quan mới được dùng.
bóc mãnh,"thọc miệng, cho tay vào miệng",Tla thay bóc mốm bóc mẽnh dòng đỉ chăng điênh.,Cho tay vào miệng như thế không tốt.
bóc thủl,móc túi,Nả phái pẫu póc thủl hết hal mươl ngìn.,Nó bị móc túi mất hai mươi nghìn.
bóch,mướt,Ủn Hal cỏ môch cải ảo màu tlắng bóch.,Cô Hai có một cái áo trắng lốp.
bỏi,muối,"Tla bỏi vừa thơi,",
chăng chẳm háy.,Cho muối vừa,,
"thôi, không thì mặn đấy.",,,
bỏi,muối,Ăn cơm pỡi bỏi dách xỏi xỏi nẫm nà.,Ăn cơm với muối nhảy lâng tông trên bờ ruộng.
bỏi li,"muối li, hạt muối nhỏ, muối giả",Bỏi li wâng hang.,Muối giã vừng rang.
bol,moi,Bol lòng.,"Moi lòng (khi mổ gà, lợn lấy lòng ra)."
bol tốt,"moi đốt (làm cho thông đốt ở ruột cây bương, nứa, giang)",Hề dầm bol tốt câl tang hề wàng bol tốt câl hảo.,"Chuột đen moi đốt cây giang, chuột vàng moi đốt cây nứa."
bỏi wâng,muối vừng,Ho ưa ăn bỏi wâng lắm.,Tôi thích ăn muối vừng lắm.
bom,bom,Tàu păl tlé bom.,Máy bay ném bom.
bòn đãi,bòn đãi,Da bòn đãi hết cúa cái ớ tlong nhà nì mới thôi.,Bòn đãi hết của cải trong nhà mới thôi.
bòn mét,bòn mót,"Cây da phái ti bòn mét chầng tồng, mà da phả thỉa?",Mẹ con phải bòn mót từng đồng mà sao con tiêu hoang quá vậy?
bòn rút,bòn rút,"Mễ đỉ còn môch ói tiền, nả bòn rút cho hết mởi thôi.","Bà ấy còn một ít tiên, nó bòn rút moi móc cho hết mới thôi."
bong,"(âm thanh) chuẩn, hay",Ổng ôi nì bong hông.,Ống sáo ói này tiếng chuẩn.
bong,nghe lời,Nả bong rồi.,Nó nghe lời rôi.
bong,trả lời,Tà bong đã.,Đã trả lời.
bong,trả lời,Da bong nã pỡi.,Mày trẻ lời nó đi nào.
bong,trả lời,Là po ho hốc da chăng bong?,Làm sao tôi gọi mà anh không trả lời?
bong,"vong, vía",Bong enh.,Vong hồn (của anh).
bong,"vong, vía",Bong ủn.,Vong hồn(của em).
bong thiểng,"vâng lời, nhận lời","Nả tà bong thiếng, nả là thơi chăng lo no.","Nó đã vâng lời, nó thực hiện đấy không lo đâu."
bong tlẫn,trận vuong; chết nơi chiến trường,Hôm may là ngày kí niễm chiển xĩ bong tlẫn.,Hôm nay là ngày kỷ niệm chiến sĩ trận vong.
bỏng,bóng,Ti ngỏ tả bỏng.,Đi xem bóng đá.
bỏng,cửa xổ,Liênh ngồi khênh bỏng cho maích.,Lên ngôi gần cửa sổ cho mát.
bỏng,cửa xổ,"Hão ngay hề ỏng hơ, bỏng ngay hẽ ngồi hơ.","Rượu ai người ấy uống trước, của sổ ai người ấy ngồi trước."
bỏng bì,bóng bì,Bỏng bì là pằng ta củi điênh ăn lẳm.,Bóng bì làm bằng da lợn ăn ngon lắm.
bỏng chiềng thờ,cửa sổ sát bàn thờ (cửa sổ đầu trên của nhà sàn),,
bỏng chúc,cửa sổ chúc (cửa sổ phía dưới),,
bỏng lãi,cửa sổ đâu (tính từ ngoài vào trong),,
bỏng tliênh,cửa sổ phía trên (cửa sổ phía trước sàn nhà),,
bỏng pang,cửa sổ trới,"Kun kép bỏng pang, Chăng Wàng bỏng lãi.","Thờ Kun Kép ở cửa sổ bên trái, thờ ông Chàng Wàng ở của sổ đầu."
bỏng tãl,cửa sổ đầu tiên của nhà sàn (tính từ ngoài vào trong),,
bõng,bọng,Cải bõng đác nì hảo pế rồi.,Cái bọng nước này sắp vỡ rồi.
bót,"chồi nõn, ngọn",Bót mi.,Ngọn cọ.
bót,cái mộng,Bót khăng ma.,Mộng quan tài.
bót,ném,Bót cáo.,Ném mảnh nứa xuống đất để xem âm dương.
bót tlẳng,"nõn trắng, trắng nõn",Ảo bót tlẳng.,Áo trắng nõn.
bót mỉ,"chồi, ngọn cọ",,
bót mùl,chồi cây cọ,,
bót tuông nèo,nguyền rủa,"Chở bót tuông nèo, cheo tuông nẵng.",Đừng nguyền rủa nặng lời độc địa.
bô,bô,Cải bô nì tí đởng đác khơm.,Cái bô này dùng đựng nước bẩn.
bô,chuyện,Ăn cơm nỏi nhảo ông hão nhôc bô nơi wè.,"Ăn cơm nói chuyện, uống rượu kể chuyện bể vè."
bô,vô,Bô lí.,Vô lí.
bộ đãng,bất lịch sự,Enh là mõl bô đăng lẳm.,Anh là người bất lịch sự lắm.
bô hơ,chuyện cổ tích,Dã ho hay kế bô hơ.,Bà nội tớ hay kể chuyện cổ tích.
bô lỉ,vô lí,Chở cãi bô lỉ.,Chớ cãi vô lí.
bồ,bổ,Cuốc bồ thẳn thuổng tất.,Cuốc bổ mạnh xuống đất.
bổ,"bố, dây bố (một loại dây leo trong rừng)",,
bố,mổ,Hay bố,Biết mổ.
bố,mổ,Bố tlỗng.,Mổ bụng.
bố,bổ (giao cho phải làm việc gì đó),Bố cho mỗi nhà môch con ca.,Bổ đầu cho mỗi nhà (phải) một con gà.
bố lõi,"bổ lõi, khoét lõi",Lễ khìu bố lõi câl kiêng.,Dừng rìu bổ khoét lõi cây nghiến.
bỗ,bộ,Môch nước chia tha từ bỗ.,Một nước chia ra nhiều bộ.
bỗ,bộ (quẩn đo),Môch bỗ quần ảo.,Một bộ quân áo.
bỗ đồ thốch,bô cánh,Ay i phái cỏ môch hal bỗ đồ thốch tí diễn.,Ai cũng phải có một vài bộ cánh để diện.
bỗ đỗi,bộ đội,Nả ti bỗ đỗi ản pa năm.,Nó đi bộ đội được ba năm.
bỗ hã,bô hạ. Ông đỉ ti no y cỏ bỗ hã ti theo,Ông ấy đi đâu cũng có bộ hạ đi theo.,
bỗ lac,bộ lạc,"Bỗ lac ói mốl nhất là dổng mõl nò, enh cỏ mắt chăng?","Bộ lạc nào ít người nhất, anh có biết không?"
bỗ mảy,bộ máy,Bỗ mảy cong cơ thế mõl là tinh vi nhất.,Bộ máy trong cơ thể con người là tinh vi nhất.
bỗ măt,bộ mặt,Thú đô là bỗ măt cúa môch nước.,Thủ đô là bộ mặt của một nước.
bỗ ngách,bộ óc,Ay cỏ bỗ ngách dói là tửa tài.,Ai có bộ óc giỏi đó là người tài.
bỗ thô,bộ râu,Ông đỉ cỏ môch bỗ thô quai đỏn thốch lẳm.,Ông ấy có bộ râu quai nón đẹp lắm.
bốc bỏ,khơi giếng,Nả là thỡ bốc bỏ.,Nó là thợ khơi giếng.
bôi,khen,Ho i bôi da đã.,Tôi cũng khen cậu đấy.
bôi,khen,Ớ 1 khẻo tí mãng bôi.,ởỞ cho ngoan để mẹ khen.
bôi khen,khen ngợi,Ản cấp tliênh bôi khen là vinh đữ.,Được cấp trên khen ngợi là sung sướng.
bồi bố,bồi bổ,Chăng cỏ chỉ bồi bố mõl nả răc lãi.,"Không có gì bồi bổ, người gây rộc hẳn đi."
bồi tắp,bồi đắp,Mỗi năm phù xa bồi tắp môch ói.,Mỗi năm phù sa bồi đắp một ít.
bổi,"cây vối, lá vối",Lả bổi.,Lá vối.
bỗi,vội,Ti no mà bỗi mà bàng.,Đi đâu mà vội mà vàng.
bỗi bàng,vội vàng,Wiệc nì chăng bỗi bàng chi.,Việc này chẳng vội vàng gì.
bôn,"khoai môn, khoai nước","Ăn bôn ngã, ăn cả hách.","Ăn khoai môn thì ngứa, ăn cá thì tanh."
bôn,"vun gọn lại, thu dọn",Bôn tất.,Vun đất.
bôn khảng,đặt ra tháng (từ này chỉ gặp ở trong mo ở khúc đặt năm tháng),,
bôn têm,đặt đêm (người đặt ra ban đêm; từ này chỉ gặp trong mo),,
bốc,đào,Bốc tầm.,Đào ao.
bống,bỗng rượu,Bống rão hay rổ kenh chua.,"Bỗng rượu, người ta hay (dùng để) nấu canh chua."
bôt,bột,Ủn nhó nì mẩy khảng mởi ăn ản bôt.,Đứa bé này mới tháng mới ăn bột.
bôt chẩy,bột giấy,,
bôt mì,bột mì,,
bôt phát,bột phát,,
bốt,bốt (tên một loại dây leo ở rừng),"Cùn bốt pổ chò, chăng ho i da.",Dây bốt bó giò chẳng tao thì mày.
bơ,bơ,,
bơ,sờ soạng,,
bớ,mở,Con bớ khách tha hoc ti.,Con mở sách ra học đi.
bớ,vở,,
bớ hàng,mở hàng,Ho bớ hàng cho da măl mẽl.,Tôi là người mở hàng cho bà sẽ bán được đắt hàng.
bớ kẻ,tháo,Da bớ kẻ cải chac ớ kel con chỏ tha chăng?,Anh có tháo cái dây ở cổ con chó ra không?
bớ khả,mở đường,"Chăng bớ khả, chăng là po mà ti ản.",Không mở đường thì làm sao mà đi được.
bớ măt,mở mắt. Tàn chỗ con nì mởi bớ măt,Đàn chó con này mới mở mắt.,
bớ mẽnh,mở miệng,Bớ mẽnh tha cười tà yêu lãi dổ.,Mở miệng ra cười đã yêu lại càng quý.
bớ mẽnh,"mở đầu, khai mào, khơi mào",Hảo pỗ wiêc nì tí bớ mẽnh dòng nò đã thơi.,Mở mào câu chuyện naỳ bằng cách nào đây.
bớ rỗng,mở rộng,Da cỏ hảo bớ rỗng cõn nà nì tha chăng?,Anh có muốn mở rộng thửa ruộng này ra không?
bun,"rủa, chửi",Cử bun khõ pẫu mãi chăng măng mai mốm à?,Cứ chửi rủa người ta mãi mà không thấy mỏi miệng à?
bun khõ,nguyền rủa,Nả cử là cải chiễn cho pẫu bun khõ nả thơi.,Nó cứ làm cái chuyện cho người ta nguyền rủa thôi.
bủn,bộ khô,Tất bún.,"Đất bột khô, bụi đỏ."
bủn,bộ khô,Khũ bủn.,Đá mềm gọt thành bột được.
bủn,bựa,Ăn rồi chăng chĩu tảnh thang điênh thăng da từ bún lẳm.,Ăn rồi không chịu đánh răng nên răng anh nhiều bựa lắm.
bùng đố,bòng nổ,Chiển tlanh bùng đố.,Chiến tranh bùng nổ.
búng,cái nong,Enh cỏ mắt tainh búng chăng è?,Anh có biết đan nong không ạ?
bunh,"tro, gio",Bunh là pũn tla nà.,Tro bếp làm phân bón ruộng.
búnh mủn.,Cải ảo cũ nì tà búnh rồi,Cái áo cũ này đã mủn rồi.,
buôi,vựng,Da ăn buôl cải chỉ dòng đỉ?,Mày ăn vụng cái gì vậy?
buổl,xúc,Buổl mẽnh.,Xúc miệng.
bút,bút,"Cảy bút, tôc mậc. Cái bút, lọ mực.",
bút chì,bút chì Mẩy cải bút chì nì y mắt mó quả,Mấy cây bút chì này mà cũng đắt quá.,
bút lông,bút lông,Bút lông nì viết chữ Hán thôch lẳm.,Bút lông này viết chữ Hán đẹp lắm.
bút mảy,bút máy,Đét tiếu hoc chua ản viết bút mảy.,Trẻ em tiểu học không được viết bút máy.
bút mâc,bút mực,"Câl bút mảy pỡi câi bút mâc, da lễ câl nò?","Chiếc bút máy và chiếc bút mực, em lấy chiếc nào?"
bút pùn,đầy bùn,Chăng mắt nả lanh nà ớ no mà póc miềnh ná bút pùn điênh thỉa.,Không biết nó lăn lộn ở đâu mà mình mẩy đầy bùn như vậy.
bừa,vừa,ảo nì da mặc bừa.,áo này cậu mặc vừa.
bừa bãi,bừa bãi,"Da hay là bừa bãi, chản quả.","Mày hay làm bừa bãi, chán quá."
bừa hãng,vừa bằng,Con ca bừa hãng con khảo.,Con gà vừa bằng con sáo.
bừa hết,"vừa hết, vừa lọt",Lỗ nì bừa hết cố thay.,Lỗ này vừa lọt cổ tay
bưới bưới,giàn giụa,Đac măt nả cháy tha bưới bưới.,Nước mắt nó chảy ra giàn giụa.
bưới bưới,lã chã,Đác mặt tlé bưới bưới thương lẳm thương nổng.,Nước mắt rơi lã chã thương quá đi thôi.
bưới bưới,rưng rức,Nả nhãm bưới bưới cá têm.,Nó khóc rưng rức cả đêm.
ca,gà,Nhà ho cỏ mườl con ca.,Nhà tôi có mười con gà.
ca cảl,gà gáy,Ca khổng cẳl lảng.,Gà trống gáy sáng.
ca chõi,gà chọi,"Da ỏng rão à, po đố tó nhơ ca chõi.","Mày uống rượu à, sao thấy (mặt) đỏ như gà chọi?"
ca chỏl,gà trống,Môch tàn ca cỏ đăm con ca chỏl thốch lẳm.,Một bầy gà có năm con gà trống thật là đẹp.
ca tlĩ,gà trĩ (tên một loại gà.),,
ca có,gà rừng,Ca có thiêng hơn ca nhà.,Gà rừng khỏe hơn gà nhà.
ca dò,gà giò,Nhà mễ Chung cỏ từ ca dò lẳm.,Nhà bà Chung có nhiều gà giò lắm.
ca đác,gà nước,Nhúc ca đác y điênh ăn.,Thịt gà nước ăn cũng ngon.
ca gô,gà gô,Ho ưa ăn nhúc ca gô.,Tôi thích ăn thịt gà gô.
ca khổng,gà trống,Ca khổng cỏ kèl dẵl.,Gà trống có mào cao.
ca lach,gà thiến,Tàn ca lach nhà ho tang thốch.,Đàn gà thiến nhà tôi đang đẹp.
ca mãi,gà mái,Con ca mãi nì hảo ẩn tlỏng rồi.,Con gà mới này nó muốn đẻ rồi.
ca mãi nhỏl,gà mái tơ,Nhúc ca mãi nhỏl ăn vừa ngoch vừa mềm.,Thịt gà mái tơ ăn vừa ngọt vừa mềm.
ca mềm,gà mềm (chỉ dùng trong mo để chỉ con gà mà bình thường không bị dịch bệnh gì),,
ca nhất,gà nhất (gà dùng trong việc cúng bái),,
ca nhì,gà nhì (gà dùng trong việc cúng bái),,
ca nhỏl,gà choai,Con ca nhỏl nhỏl.,Con gà choai choai.
ca thết,gà dùng để thết đãi,,
ca thốch,gà tốt (gà đẹp),,
ca ti wềl tổng,gà đi về mả (gà làm lễ hướng dẫn hồn người chết về mộ địa dùng trong mo),,
ca tướp,gà đẹp mái,Ngỏ ca tướp hay điênh lẽo mặt.,"Người ta bảo rằng, nhìn gà đạp mái hay lên lẹo mắt."
cà,cà,Câl cà.,Cây cà.
cà,cà,Tlải cà.,Quả cà.
cà chua,cà chua,Cà chua nổ kenh cả y ngoch đác.,Cà chua nấu canh cá cũng ngọt nước.
cà tlo cà tlên,"loại người thích khoe khoang, không đúng đến, không đáng trọng",,
cà hái,đi đêu,Pước chân ti cà hái.,Bước chân đi dàn đều.
cà ngáy,hí hoáy,Da là cải chi cà ngáy ớ tlong puồng nỉ?,Anh làm cái gì mà hí hoáy ở trong buồng đó?
cà nhắc,mô tả quả trứng ở trong núi đang để nở ra người,,
cà nhé,cà nhẻ (từ dùng trong mo kể đoạn đẻ trứng Điếng),,
cà pho phe,(chỉ loại người lăng nhăng thấp hèn về tư cách),,
cà tóc,"từ mô tả không gian đang lặng im, bỗng một âm thanh phát ra phá vỡ không gian khiến người ta giật mình",Cà tóc ca cẳl lảng.,Bỗng có tiếng gà gáy sáng.
cá,to lớn,Con tlu cá.,Con trâu to.
cả bẳm,cứ mắm. Cả bẳm chẳm lẳm,Cá mắm mặn lắm.,
cả,cá,Con cả nì là cả tliêl.,Con cá này là có trê.
cả cẳl,cá gáy,,
cả chiếc,cá giếc,,
cả chuốl,cá chuối; cá quả,Mẩy con cả chuổl nả ăn hết tàn cả rô phi con rồi.,Mấy con cá chuối nó ăn hết đàn cá rô phi con rồi.
cả khô,cá khô,Thếnh tháng ăn mò pữa cả khô i điênh ăn.,Thỉnh thoảng ăn một bữa cá khô cũng ngon.
cả kình,cá kình,Cả kình khổng ớ pế rỗng.,Cá kình sống ở biển rộng.
cả côc,cá cốc (tên một loại cá),,
cả hỏi,cá nhỏ để ướp thính làm mắm rói,,
cả mãi,cá mại (tên một giống cá),,
cả pảo,(tên một loại cá.),,
cả pế,cá biển,Hôm may ớ wài chỡ cỏ từ cả pế lẳm.,Hôm nay ở ngoài chợ có nhiều cá biển lắm.
cả tầm,cá (ở) ao,,
cả tliêl,cá trê,,
cả tlổi,cá trôi,,
cả tổng,cá đồng,Cả pế chăng điênh ăn nẳng cả tồng.,Cá biển ăn không ngon bằng cá đồng.
cả wàng,cá vàng,Nhà ho cỏ môch pế cả wàng.,Nhờ tôi có một bể cá vàng.
cả wêl,cá voi,"Con cả way nhơ thỉa nò, ho chăng mắt.",Con cá voi nó ra làm sao tôi không được biết.
cả wèl,cá chép,Cả wèl điênh ăn hơn cả mè.,Cá chép ăn ngon hơn cá mè.
cá,"lớn, to",Nả mởi cá năm nay thơi.,Nó mới lớn năm nay thôi.
cá,"lớn, to.Con cá",Người con cả.,
cá,cả,Ho là cho cá tháy.,Tôi làm cả cho.
cá,cả,"Cá tàn ông, cá tàn bà.","Cả đàn ông, cả đàn bà."
cá chỏng,chóng lớn,Cá chồng ủn háy.,Chóng lớn em nhé.
cá hal,cả hai,Cá hal pên pổ mễ tều pui.,Cả hai bên cha mẹ đều vui.
cá hờn,cả giận,Chăng điênh cá hờn mà bất khôn.,Không nên cả giận mất khôn.
cá gan,cả gan,Da đẳm cá gan là wiêc đỉ à?,Mày dám cả gan làm việc đấy à?
cá liênh,lớn lên,Con ho cá liênh.,Con tôi lớn lên.
cá lởn,"cỏ, lớn, to",Đác cá.,"Nước lớn, nước to."
cá năm,cả năm,Cá năm mởi ngí đăm ngày.,Cả năm mới nghỉ có năm ngày.
cá ngày,cả ngày,Nả là wiêc cá ngày chăng mắt nhoc.,Nó làm việc cả ngày không biết mệt.
cá ổng,đất rộng,Mường Pi cá ổng.,Mường Bi đất rộng.
cá pằng,to bằng,"Cá pằng tlu, pằng pò.",To bằng trâu bằng bò.
cá têm,suốt đêm,Đét nỏng ta nả nả nhãm cá têm.,Trẻ con sốt nó khóc suốt đêm.
cá tháy,cả thảy,Cá tháy ha cỏ môch tliễu.,Cả thảy ta có một triệu.
cá thiểng,to tiếng,Chở khể cá thiểng ủn nả dẫl dấp nì.,"Đừng có nói to tiếng, em bé nó thức dậy bây giờ."
cá tửa,to con (người con trai to lớn mạnh khoẻ),Tưởng enh đỉ y cá tửa lẳm.,Anh đó trông to con lắm.
cá tưởng,đổ sộ,Ông nì cỏ mốch cải nhà khaình cá tưởng.,Ông này có một cái nhà sàn đô sộ.
cá wãi,"to vía, vía lớn, cả vía",,
cã,mặc cả,Cã mua đồ.,Mặc cả để mua đồ.
cã,lúc,Cã hal tửa tảnh rà cỏ da ớ đi chăng?,"Lúc hai đứa đánh nhau, anh có ở đấy không?"
cã ca cẳl,lúc gà gáy,Nả dẫl pớ cã ca cẳl pa.,Nó thức từ lúc gà gáy canh ba.
cã mởi,mới đầu,Cã mởi pao chua chi đỗi nhà ăn ản hal tlải rồi.,Mới đầu vào chưa gì mà đội nhà đã thắng được hai quả rồi.
cã nãy,lúc nãy,Cã nãy ho no cỏ đố da ớ no.,Lúc nãy tôi không thấy anh ở đâu.
cã nì,bây giờ,Cã nì tàn ha ti khả nò?,Báy giờ chúng ta đi đường nào?
cã nò,khi nào,Cã nò hơ tàn tôi mởi ản ti?,Khi nào thì chúng tôi mới được đi?
cã tlước,trước kia,"Cã tlước, nhà nả còn tỏl khỏ.","Trước kia, nhà nó còn nghèo khó."
cac câl,chạc (cây),Cải cac câl nì to quả dửa.,Cái chạc cây này to quá nhỉ.
các,gác,Mõl ớ nhà các.,Người Mường ở nhà gác.
các,gác,Các chân liênh hòm.,Gác chân lên hòm.
các,"chuyện (một sự tích nào đó, từ này chỉ thấy xuất biện trong mo kể)",,
các,các,Các pãn.,Các bạn.
các,các,Các ông. Các ông.,
các chuông,gác chuông,Cải các chuông nhà chùa nì dẵl lẳm.,Cái gác chuông nhà chùa này cao lắm.
các thưỡng,gác thượng,Pan têm tèo liênh các thưỡng nhà thờng máich lẳm. Ban đêm leo lên gác thượng nhà tầng mát lắm.,
cách,cách,Cách hal cải nhà nưa mởi tiểnh nhà enh Nỗm.,Cách hai nhà nữa mới đến nhà anh Nộm.
cách,cắt,Cải cỏ mắt cách quần ảo chăng?,Chị có biết cắt quần áo không?
cách,cắt,Cách thắc.,Cắt tóc.
cách,cắt cử,Cách cho pa người ti phu.,Cắt cử ba người đi phụ.
cách,gặt,Ngày dao nhà ho ti cách lõ.,Ngày mai nhà tôi đi gặt lúa.
cách cua,húi cua,Tlốc da cách cua cho maích.,Đầu mày húi cua cho mát.
cách điễn,cắt điện,Mưa xỏ pẫu hay cách điễn,Mưa gió người ta hay cắt điện.
cách ẻn,cắt xén,Cách ẻn thắc đa ti cho thốch.,Cắt xén tóc cậu đi cho đẹp.
cách hẽn,ấn định,"Ho hảo cách hẽn ngày chắc chẳn, cũ thế.",Tôi muốn ấn định ngày gặp cụ thể.
cách kel,cắt cổ,Da paỉnh cho ho cải dả cách kel.,Mày bán cho tao với giá cắt cổ.
cách là,cách thức,Cách là nhơ thỉa nò? Là ơn ông chí đủm cho pỡi công.,Cách thức làm như thế nào? Làm ơn ông chỉ giúp cho với.
cách lời,"cắt lời, ngắt lời",Xin lỗi! Ho cách lời da háy.,Xin lỗi! Tôi ngắt lời bạn nhé.
cách lướt,cắt lượt,Cách lướt tha ngỏ lõ wài tổng.,Cắt lượt ra trông lúa ngoài đông.
cách mảu,cắt tiết,Ho chăng đảm cách mảu ca.,Tôi không dám cắt tiết gà.
cách ngĩa,giải thích,"Da cách ngiã đòng đỉ, ho tường rồi.","Mày giải thích như vậy, tao rõ rồi."
cách tếch,cắt đứt,Chiễn hal tửa miềnh cách tếch pớ nỉ.,Chuyện hai đứa mình cắt đứt từ đây.
cách thắc,cắt tóc,Ho hảo ti cách thắc.,Tôi muốn đi cắt tóc.
cách thuốc,"cắt thuốc, bốc thuốc",Nả phái ti cách thuốc mởi tẩng ổm.,Nó phải đi cắt thuốc mới khôi ốm.
cai tù,cai ngục,Nả là cai tù ác lẳm.,Hắn làm cai ngục ác lắm.
cài,cài,Cỏ ay cài cứa pếp pao chua?,Đã có ai cài cửa bếp lại chưa?
cài,cài,Cài yểm gẩm.,Cài chiếc yếm gấm.
cài,gài (ghim),"Chăng cài pao tàn cảy chẩy tờ nì, tí nả lỗn hết.",Không gài ghùm những giấy tờ này lại để nó lộn xộn hết.
cài cúc,cài khuy,"Là po da chăng cài cúc ảo lãi, mà tí dêl đương tha điênh thỉa?",Sao anh không cùi khuy áo lại mà để phanh ngực ra như vậy?
cài cứa,cài cửa,Chua thổl nả tà cài cứa chăt.,Chưa tối nó đã cài của chặt.
cài nõng,"gài then, cài then",Cài nõng cứa cho chăt háy.,Gài then cửa cho chặt nhé.
cài tiếc,"gài đâu, cài tóc",Cải kép nì tí cài tlốc.,Cái kẹp này để cài đầu.
cải,"cái, chiếc",Ủn hảo mẩy cải pẻnh?,Em muốn mấy cái bánh.
cải,"cái, chiếc",Môch cải liềm.,Một chiếc liềm.
cải,"mới, cái, thuộc giống cái",,
cải,"đàn bà, phụ nữ, gái",Con cải.,Con gái.
cải,"đàn bà, phụ nữ, gái",Pà mãi cải con.,Vợ con.
cải,mẹ,"Cảy mễ, cải mễ.","Bậc bà, bậc mẹ."
cải,cái,Không cải.,Sông cát.
cải bổ,"cái bố, đây bố (một loại dây leo trong rừng)",,
cải búng,"cới nong, cái mủng",Cải búng nhà ha dac rồi.,Cái múng nhà ta rách rồi.
cải cả,"cái cá, con cá",Cải con cả.,Cái con cá.
cải cá,chị cả,Con nì là con cải cá cúa ho.,Đứa này là con gái cả của tôi.
cải tlà têm nay,"cái đêm nay, đêm nay",Ha ớ dỗng pỡi hà cải thà têm nay.,Tơ ngôi chơi với nhau đêm nay.
cải con,"mẹ con, vợ con",Cải con nhà nả.,Mẹ con nhà nó.
cải đóc,"cái móc treo, cái móc để treo",Tleo thông liênh cải dóc.,Treo túi lên cái móc.
cải khà,gái già,Nả là cải khà chăng ông.,Bà ấy là gái già không chông.
cải khon,gái tân,Ủn đỉ còn là cải khon.,Cô ấy còn là gái tân.
cải nàng Thẫm Bong,con gái quyền quý vùng Thậm Bong. (Thậm Bong là tên một vùng đất ở Hoà Bình),,
cải ngần cơ đỉ,"ngần ấy, ngân đấy",Tí cho da cải ngần cơ đỉ.,Để cho mày ngân ấy.
cải quả,quả phụ,Tàn pà cải quả khổng chiểm con môch miềnh.,Người quả phụ sống nuôi con một mình.
cải roch,chị ruột,Mễ nì là mãng cải roch cúa ho.,Bà này là bà chị ruột của tôi.
cải thiểng tliễn,lối kể chuyện,Ha chăng yếng cải thiểng tliễn khây hơ.,Ta lắng nghe câu chuyện ngày xưa.
cải tĩ,gái đĩ,Nả là môch con cải tĩ xẩu lẳm.,Nó là một con gái đĩ xấu lắm.
cái,"cải, rau cải",Tắc nì là tắc cái.,Rau mày là rau cải.
cái má,cởi mả,Khảng khau nhà nả ti cái má cho pổ nả.,Tháng sau nhà nó đi cải mà cho bố nó.
cái mỗ,cải mả,"Năm dấp hơ, nhà ông đỉ mởi cái mỗ ông pổ ớ thĩ xã wềl quêl.",Năm vừa rồi nhà ông ấy mới cải mả cho ông bố ở thị xã về làng.
cái tlẳng,rau cải trắng,"Nhà ho cỏ mẩy lồng cái tlẳng, mé chăng ăn.","Nhà tôi có mấy luống cải trắng, nhưng không ăn."
cái pắp,cải bắp,"Mùa nì chăng lẽnh, cái pắp chăng uốt.",Mùa này không lạnh (nên) cải bắp không cuốn.
cãl,cãi,Cãi rà chăng dói no.,Cãi nhau không tốt đâu.
cãi kho,cãi vã,Ủn mãng nả cãi kho rà mãi đã.,Chị em chúng cũi vã nhau mãi.
cãi ngang,cải (ngưng),Da là tà hóng rồi còn hảo cãi ngang ngẽnh à?,Anh làm đã sai rồi lại còn định cãi ngang à?
cãi rà,cãi nhau,Là po tàn pay hay cãi rà điênh thỉa?,Làm sao mà các con hay cãi nhau như vậy?
caích,cát,Ớ ni cỏ môch cổ caích cá lẳm.,Ở đây có một đống cát to lắm.
cảl,mài,Cảl tao cho khắc.,Mài dao cho sắc.
cằl nhằl,kè nhè,Là cải chỉ y hay cằl nhà chăng cỏ điênh no.,Làm cái gì cũng kè nhè không có tốt đâu.
cãl (pao) rà sát vào nhau.,Ngồi cãl pao rà cho ẩm,Ngồi sát vào nhau cho ấm.,
cam đoan,cam đoan,Ho cam đoan pỡi da chiễn đỉ cỏ là hong.,Tôi cam đoan với ông rằng chuyện đó là đúng sự thật.
cam kết,cam kết,Ho pỡi da là tờ cam kết cho chắc ăn.,Tôi và ông làm tờ cam kết cho chắc ăn.
cam tã,"cam lòng, bằng lòng","Da là nhơ thỉa, ho măng cam tã lẳm.",Em làm  như vậy tôi lấy làm bằng lòng lắm.
cam tháo,cam thảo,Ũn đét nì mởi tế tha phái cho ỏng cam tháo.,Đứa bé này mới sinh ra phải cho uống nước cam thảo.
cảm dỗ,cám dỗ,Cờ pac là con ma cảm dỗ.,Cờ bạc là con ma cám dỗ.
cám dác,cảm giác,Enh cỏ cám dác điênh po khây tha chõng tlước quan toà?,Anh có cảm giác như thế nào khi ra đứng trước toà án?
cám đỗng,cảm động,"Mõl ti, ké ớ lãi thât là cám đỗng.","Người đi, kẻ ở lại thật là cảm động."
cám lẽnh,cảm lạnh,"Ho phái cam lẽnh, tẳl chả lẳm.","Tôi bị cảm lạnh, rét run lên."
cám ơn,"cám ơn, cảm ơn",Tôi xin cám ơn ông.,Tôi xin cám ơn ông.
cám ơn đẽ,cảm ơn ạ (lời cẳm ơn đối với bề trên),,
can,"can, vá",Từ chẽ phái can lãi.,Nhiều miếng vá can vào nhau.
can ản,can án,Nả can ẩn wềl cải thỗi pó mõl.,Nó bị can án về tội giết người.
can ngăn,can ngăn,"Ho can ngăn mãi, mé nả chăng yểng.","Tớ can ngăn mãi, nhưng nó không nghe."
can phãm,can phạm,Chỉnh da là can phãm da còn khể chi nưa.,"Chính mày là can phạm, mày còn nói gì nữa."
can thiêp,can thiệp,Ho tà tiểnh can thiêp mé chăng ăn thua chi.,"Tôi đã đến can thiệp, nhưng không có kết quả."
càn,càn,Pỗ càn.,Nói càn.
càn,càn,Là càn.,Làm càn.
cản,cán,"Cải cản cuốc tà mãnh rồi, chua là án lãi nưa.","Cái cán cuốc bị hỏng rồi, chưa sửa lại được."
cản,cán,Cản pẻnh.,Cán bánh.
cần cờ,cớn cờ,Cản cờ nì i dài tiểnh pa mét.,Cán cờ này (cũng) dài đến ba mét.
cán,cản,Là po enh chăng cán nả lãi?,Làm sao anh không cản nó lại?
cãn,cạn,"Mùa đẳng cãn hết đác, lõ hảo chít hết rồi.","Mùa nắng cạn hết nước, lúa gần chết hết rồi."
cãn lời,cạn lời,Ho tà khể pởi da cân lời rồi.,"Tôi đã nói hết với anh, cạn lời rồi."
cãn thủi,cạn túi,Khảng nì miềnh cãn thủl.,Tháng này tôi cạn túi.
cãn tiền,"cạn tiền, hết tiền",Ho i căn tiền rồi.,Tôi cũng hết tiền rồi.
cang,"banh ra, vành ra, làm căng ra",Cang thủl tha tí tố cảo pao.,Banh túi ra đề đổ gạo vào.
cang,gang (tay),Cần cau dài đăm cang thay.,Cẩn câu dài năm gang tay.
cang,gang (thép),Xenh cang hang wâng.,Chảo gang rang vừng.
cang,nhà mồ,,
cang,nhướng,"Phái cang măt tha mà ngỏ, pẫu là ăn nhơ thỉa nò?","Phải nhướng mắt ra mà nhìn, người ta làm ăn như thế nào?"
cang măt,giương mắt,Da còn cang măt tha ngỏ à?,Mày còn giương mắt nhìn à?
cang tấc,gang tấc,"Khây tất đác cỏ chiến chinh, mãng người lỉnh khổng chít tlong cang tấc.","Khi đất nước có chiến tranh, tính mạng của người lính sống chết trong gang tấc."
cang thay,gang tay,"Cải đỉ chăng dài, nả chí pao đỗ cang thay.","Cái đó thì không dài, nó chỉ độ một gang tay thôi."
cang tlẳng,gang trắng,Cháo nì pằng cang tlẳng.,Chảo này bằng gang trắng.
càng cua,càng cua,Cải khỏa nì là kiếu càng cua.,Cái khóa này làm kiểu càng cua.
cảng,bờ,Da là chi đố ngồi ớ cảng bỏ.,Cậu làm gì mà thấy ngồi ở bờ giếng.
cảng,bờ,Cảng nà. Bờ ruộng.,
cảng,cáng,Nả tau chân phái cảng chăng ti ản.,Nó đau chân phải cáng không đi được.
cảng,cằm,Cải cảng enh đỉ đài.,Cái cằm anh ấy dài lắm.
cảng cổl,ven miệng cối,,
cảng khả,"ven đường, về đường",Tẩng nhoc cảng khả.,Nghỉ ở ven đường.
cảng nhà,"miệng nhà, ven nhà, cạnh nhà",Cảng nhà ma.,Cạnh nhà ma.
cảng pế,"ven bể, bờ biển (bờ bể)",,
cảng tàng,ven đường,Ăn cơm cảng tàng.,Ăn cơm ở ven đường.
canh các,canh gác,Môch tuần lễ phái canh các môch têm.,Một tuần lễ phải canh gác một đêm.
canh pac,canh bạc,Canh pac nì to lẳm.,Canh bạc này to lắm.
cảnh,cắn,"Táy ti, chăng con mèo nả pao, nả cảnh cho.",Ngủ đi không con mèo nó vào nó cắn cho.
cảnh,cắn,Chỏ cảnh.,Chó cắn.
cảnh chéch,cắn xé,Cải con chỏ nì nả cảnh chéch hết cải ảo rồi.,Cái con chó này nó cắn xé hết cái áo rồi.
cảnh lỗn,cắn trộm,Con chỏ ma nì ná hay cảnh lỗm.,Con chó này hay cắn trộm.
cánh cảo,cảnh cáo,Ni là lần môch ho cánh cảo cho da mắt.,Đây là lần đầu tiên tôi cảnh cáo cho cậu biết.
cánh tưỡng,cảnh tượng,Ngỏ đố cánh tưỡng đỉ thât là thám lòng.,Nhìn thấy cảnh tượng đó thật là xót thương.
cảnh đảo,cắn vào kheo,Phái chỏ cảnh đảo.,Bị chó cắn vào kheo chân.
cảnh lu,cắn vào đùi,Phái chỏ cảnh lu.,Bị chó cắn vào đùi.
cao,cao,Quyền cao chức tlõng.,Quyên cao chức trọng.
cao cá,cao cả,"Da là dòng đỉ, thât là cao cá.","Anh làm thế, thật là cao cả."
cao khang,cao sang,Nhà ông mễ đỉ cao khang quả.,Nhà ông bà ấy cao sang lắm.
cao lương,cao lương,Ho tà ản ăn tú mỏn cao lương.,Tôi đã được ăn đủ món cao lương.
cao mưu,cao mưu,Enh nì cao mưu lẳm.,Ánh này cao mưu lắm.
cao nguyên,cao nguyên,Ho khổng tliênh cao nguyên cỏ đăm khảng thơi.,Tôi sống trên cao nguyên có năm tháng thôi.
cánh nhà,gia cảnh,Cánh nhà nả i chăng dàu cỏ chỉ.,Gia cảnh nhà nó cũng chẳng có gì.
cao rảo,cao ráo,Nhà cứa tàn pổ ớ cao rảo quả.,Nhà cửa các ông ở cao ráo quá.
cao thuối,cao niên,Tàn tôi tà cao thuối rồi.,Chúng tôi đã cao niên rồi.
cao thưỡng,cao thượng,Ủn Wa là dòng đỉ thât là cao thưỡng.,Cô Hoa làm như vậy thật là cao thượng.
cao xu,cao su,Ớ Đồng Nai cỏ từ cao xu.,Ở Đồng Nai có nhiều cao su.
cào,cào,Là ơn cho ho maĩnh cải cào tí cào có.,Làm ơn cho tôi mượn cái cào để cào cổ.
cào la,kêu gào,Nả tỏl tà pớ khởm nả cào la liênh.,Nó đói từ sáng nó (kêu) gào lền.
cào ngainh,kêu gào,Nả cào ngainh khàn cá thiểng mé chăng cỏ ay măng.,"Nó kêu gào khản cả tiếng, nhưng không có ai nghe."
cảo,cáo,Mẩy con cảo nì mà nả đố ca thì chăng tha cho no.,Mấy con cáo này mà thấy gà thì chúng không tha.
cảo,gạo,Thỉa là ngày hôm may hết tô hôt cảo.,Thế là ngày hôm nay gạo hết sạch.
cảo,gáo,Cải cảo búc đác ớ no rồi?,Cái gáo múc nước ở đâu rôi?
cảo,gòn,Pông cảo đớ khảng mẩy?,Bông gòn tháng mấy thì nở?
cáo,khoai mì,Tỏl quả tiểnh nỗi cú cao y bất lỗm.,Đói quá đến nỗi mất trộm cả củ khoai mì.
cáo,"mách, bảo",Là cải chỉ mà da cử cảo ho mãi điênh thỉa?,Làm cái gì mà con cứ mách mẹ hoài như vậy?
cảo chiêm,gạo chiêm,Cảo chiêm chăng điênh ăn nẳng cao đon.,Gạo chiêm ăn không ngon bằng gạo mùa.
cảo cu,cáo cu (tên một loại cáo ở trong mường hay bắt gà),,
cảo đếp,gạo nếp,Tàn tôi ưa cảo đếp hơn cảo chăm.,Chúng tôi thích gạo nếp hơn gạo tẻ.
cảo dầm,"gạo đen, gạo cẩm",,
cảo đon,gạo mùa,Cảo nì là cảo đon.,Gạo này là gạo mùa.
cảo khà,cáo già,Da là môch lão cảo khà.,Ông là một lão cáo già.
cảo lổng,"gạo tốt, gạo không gãy hạt",,
cảo lỗi,cáo lỗi,Tôi xin cảo lỗi ti wềl.,Tôi xin cáo lỗi đi về.
cảo mảy,gạo máy,Cảo tlong pồ nì là cảo mảy.,Cái bồ này là bô gạo máy.
cảo nang dưa,gáo dừa,Cảo nang dưa búc ản từ đác.,Gáo dừa múc được nhiều nước.
cảo ôi,gạo cẩm,Cảo dầm nì là cảo ôi.,Gạo đen này là gạo cẩm.
cảo tắt,gạo kém,Mẩy nay cảo,
lãi tắt rồi.,Mấy hôm nay gạo lại kém rồi (gạo lại đắt rôi),,
cảo tlãng,cáo trạng,"Cảo tlãng rành rành tha nhơ tỉa, mà nả còn chổi thỗi.",Cáo trạng rành rành ra như vậy mà nó vẫn còn chối tội.
cảo xay,gạo xay,"Mễ Phiếu phù khâng, phái ăn cảo xay tà môch năm nay rồi.","Bà Phiếu bị tê phù, phải ăn gạo xay một năm nay rồi."
cão,gọt,Là po ăn cú da chăng cão põ?,Làm sao ăn củ mà không gọt vỏ.
cat,gạt,Ho ăn hết hal cat pát cơm.,Tớ ăn hết hai gạt bát cơm.
cau,cau,Hai câl cau ớ tlước bỏng điênh tlải chua?,Hai cây cau ở trước nhà đã ra quả chưa?
cau,câu,Da hảo ti cau pỡi ho chăng?,Cậu muốn đi câu với tớ không?
cau thươi,cau tươi,Cau thươi điênh ăn hơn cau khô.,Cau tươi ăn ngon hơn cau khô.
càu,cầu,Làng miềnh chăng cỏ hỏl cỏ không điênh chăng cỏ cải càu nò.,Làng mình không có suối có sông nên không có cây cầu nào cả.
cầu,cầu (xin),Cầu tlời mưa thuống.,Câu trời mưa xuống.
càu cổng,cầu cống,Khả nì cỏ từ càu cổng.,Đường nờy có nhiều cầu cống.
càu nhàu,càu nhàu,Là cải chỉ mà cử càu nhàu điênh thỉa.,Làm cái gì mà cứ càu nhàu hoài như vậy.
càu nối,cầu nổi,Càu nối hốc là càu phao.,Cẩu nổi gọi là cầu phao.
càu tiêu,cẩu tiêu,Càu tiêu phái là xa nhà.,Cầu tiêu phải làm xa nhà.
càu vai,cẩu vai,Ho hảo băl hal cải càu vai ớ kénh vai.,Tôi muốn mua hai cái cầu vai ở bả vai.
càu wiễn,cầu nguyện,Nả luôn càu wiễn cho ố nhà nả ản khú khoé.,Nó luôn cầu nguyện cho gia đình nhà nó được sức khoẻ.
cảu,"cáu, lá cáu (một loại lá để ăn với trầu)",,
cảu,cú mèo,Con cầu khổng wềl têm.,Con cú mèo sống về đêm.
cảu,đục,"Cải đác chiểng ớ ni chăng ản tlong, nả cáu quả.","Nước giếng ở đây không được trong, nó đục quá."
cảu ha,"cú mèo rên, la (con cứ mèo rên thường báo điềm gở)",Cầu ha ma hênh.,Cứ la ma rên.
cảu lúng,đực ngầu,Đác pển nì cảu lúng ti rồi.,Nước suối này đục ngầu lên rồi.
cay,lá ăn cay (một loại lá dùng làm gia vị),,
cay tẳng,cay đắng,Thua keo nì quả là cay tẳng.,Thưa heo này quả là cay đắng.
cày,"cày (ít dùng, thường dùng cằl)","Bất puối cày, may puối dố.","Mất buổi cày, may buổi giỗ."
cảy,mẹ,Cảy ho cã nò y thương yêu ho.,Mẹ tôi lúc nào cũng yêu thương tôi.
cảy,"cái, con",Cảy cẳl.,"Cái cày, chiếc cày."
cảy,"cái, con",Cảy cả.,Con cá.
cảy ả,cảy mua,,
Cảy ca,con gà,Cảy ca cẳl lảng.,Con gà gáy sóng.
cảy cằm,"cảy gắm (dây gắm có quả ăn được, leo trong rừng)",,
cảy chiềng,"cái buổi, buổi",Cảy chiềng dao dua.,Cái bưổi sớm mai.
cảy chiềng dao khởm,cái buổi mai sớm; buổi sớm mai,,
cảy chiềng hôm dấp,cái buổi đêm qua; hôm qua,,
cảy tlời,"cái trời hôm, trời, ông trời",,
cảy con,cái con; đứa con,Cảy nì là con ho.,Đây là con tôi.
cảy con,cái con; đứa con,Nả là cảy con ho.,Nó là con tôi.
cảy con,mẹ con,Cá hal cảy con nả tều khóe.,Cả hai mẹ con nó đều khỏe.
cảy cơn,cái cơn; cơn,Ăn tlù pỡi hà cho tẩng tã cảy cơn lòng puồn.,Ăn miếng trầu với nhau cho đã cái cơn lòng buồn.
cảy dường cân têm,"cái lúc nửa đêm, lúc nửa đêm","Ca cẳl wẳl wắc cảy dường cân têm thêm puồn, thêm nhở.",Gà gáy eo óc lúc nủa đêm thêm buồn thêm nhớ.
cảy đác,"cái nước, nước","Chăng cỏ cảy cúi, cảy đác chi.","Chẳng có củi, nước gì cả."
cảy đốc,"cái thuyền đò; thuyền, đò",Tèo liênh cảy đốc tí ha xuôi không.,Trèo lên cái đò đó để ta xuôi sông.
cảy khảng,cái tháng; tháng,Cảy kháng páy hay mưa dào.,Cái tháng bảy hay mưa lũ.
cảy khảng,"cái trăng, mặt trăng, trăng",Con khao cảy khảng hãng hãng clênh clời.,Ngôi sao mặt trăng rạng rạng trên trời.
cảy khao,"cái sao, ngôi sao",Cảy khao tlênh tlời tà hảo lẵn.,Ngôi sao trên trời đã sắp lặn.
cảy khây,"cái khi; khi, lúc, thời",Ha tỗl hà pớ cẩy khây tà lô.,Ta gặp nhau từ cái thời đã lâu.
cảy khũ,"cái núi đó; núi đá, đá",Ti liênh cảy khũ.,Đi iên núi đá.
cảy khữ,cái sự; sự việc,Là po lãi xáy tha cải khữ ni?,Làm sao mà xẩy ra sự này?
cảy lòng,cái lòng; tấm lòng,Cảy lòng ủn thốch.,"Cái lòng em tốt, em có tấm lòng tốt (em là người tốt bụng)."
cảy mễ,"cái mẹ; mẹ, hoặc bậc làm mẹ, làm cô",Qua là cảy mễ pay là thôn con.,"Chúng tao là bậc cái mẹ, bay là bậc con cháu."
cảy mõl,"cái người, con người, người Mường",Da là Mõl hay Hữ.,Mày là người Mường hay người Thái.
cảy ỗi,cái bạn; bạn,"Cảy ỗi, cảy pãn cười hãn hãn tliênh nhà.",Bạn cười râm ran trên nhà.
cảy ông,cái ông; ông,Tàn cảy ông thầy.,Các ông thầy.
cảy pac,cái bạc; kim loại bạc,Lằm pac.,Vòng bằng bạc.
cảy pên,cái bên; bên,Da ớ cảy pên tàng nò?,Mày ở bên nào?
cầy quả,mẹ góa,"Tlăm khữ nhờ tàn bác, con côi cảy quả chăng mắt tí là po.",Trăm sự là nhờ các bác phận con côi mẹ góa không biết phải làm sao.
cảy tả,cái ông (ông nội hoặc người đàn ông lớn tuổi gọi với ý tôn kính),Cảy tả Cần.,Ông Cần.
cảy té,mẹ đẻ,Tiếnh nỗi cảy té nả mà còn chăng ớ nối pỡi nả.,Đến nỗi mẹ đẻ nó mà còn không sống nổi với nó.
cảy thân,"cái thân, thân, thân phận",Phẫn ủn là cảy thân con cải enh ơi.,Phận em lò cái thân con gái anh ơi.
cảy the,giun sán,Tlỗng da chắc cỏ từ cảy the lẳm điênh chăng cá ản.,Trong bụng em chắc có nhiều giun sản lắm nên không lớn nổi.
cảy thiển,cái tiền; tiền,"Cảy thiền, cảy pac chăng cỏ.","Cái tiền, cái bạc chẳng có."
cầy thit,cái thịt; thịt ăn,Chăng cỏ cảy thit cảy hau chỉ mà ăn.,Chẳng có thịt rau gì mà ăn.
cảy tỉn,dưới,Ớ cảy tỉn đác.,Ở đưới nước.
cảy tỉn,nước vào đây gáo (cho chảy qua lỗ dùi để tính thời gian trong cuộc uống thì rượu cần),,
cảy ỷ dì.,"Mễ nả chít, nả ớ pỡi cảy ỷ cúa nả",Mẹ nó chết nó ở với người dì.,
cảy xol,"một loại cây thân dây leo, mọc ở trên rừng, rất dai",,
cảy,cạy,Hòn khũ nì da mởi cãy liênh à?,Hòn đá này cậu mới cạy lên à?
cằl,cày,Ngày dao ho còn phái ti cằl.,Ngày mai tôi còn phải đi cày.
cằl ái,cày ải,Nà nì mới cằl ái.,Ruộng này mới cài ải.
cằl cẩl,cày cấy,Tiếnh mùa cằl cẩl điênh tua mái tha.,Đến mùa cày cấy đảm ra.
cằl chác,cà chác (tiếng phát ra khi chém đập vào vật gì đó),,
cằl chiểng,cà chiềng (tiếng phát ra do hai vật chạm vào nhau),,
cằl khẫm,"cà râm (chỉ âm nhạc rất vui, hay)",,
cằl tlainh,cà lăn (miêu tả một từ thế năm thoải mới),Nằm cằl tlainh.,Nằm vô tư thoải mái.
cằl tlênh,"mô tả một tư thế nằm của người to béo, hoặc khúc gỗ nằm trên bái cỏ",Nằm cãi tlênh nhơ tỏng cúi cá.,Nằm như khúc củi to.
cằl da,(nở) rộ trông đẹp mắt,Khảng pa cài da pông mẫn.,Tháng ba mường Bì hoa mận nở rộ đẹp tươi.
cằl dắp,"mô tả sự xuất hiện hoặc nở rộ (của nhiều loại hoa hoặc sao trời, người đi đông ngoài đồng)",Tlời cằl dắp con khao.,Trời đây sao lấp lánh.
cằl dẩm,mô tả những quả trứng ở trong núi đá đẻ ra muôn loài,,
cằl dỉu,mô tả kích thước to lớn của vật,,
cằl dương,mô tả kích thước to lớn của vật,,
cằl hải,mô tả tiếng kêu của con chim kêu rất lảnh lót,,
cằl hương,đẹp,,
cằl khái cằl khữa,nhiều,,
cằl khám,mô tả tiếng nhai trâu,,
cằl khắc,cà nhắc,,
cằl khăng,cà khăng,,
cằl khĩ,mô tả đồng nhất về âm hưởng êm ái của nhạc,Cằl khi ổng ôi.,Tiếng sáo ôi ngọt ngào tha thiết.
cằl khính,mô tả sự đồng nhất về âm hưởng tạo thành một dòng nhạc êm ái,"Tãi cò ke, hủl ổng khảo cằl khính, cằl khẫm.",Hoà nhạc cò ke ống sáo rất đều và ngọt ngào êm ái.
cằl khơi,mô tả âm thanh êm ái thoải mái của nhạc,Cò ke ống khảo cằl khính cằl khơi.,Nhạc cò ke ống sáo êm đềm thoải mái.
cằl mẻo,mô tả sự trong trẻo mềm mại của tiếng nói,Khôn mồm cằl mẻo.,Lời nói khôn khéo giọng nói trong trẻo.
cằl nà,cày ruộng,Ngày dao ho còn phái ti cằl nà cho ông Măng.,Ngày mai tôi còn phải đi cày ruộng cho ông Măng.
cằl pừa,cày bừa,Cài pừa là wiêc cúa nhà nông.,Cày bừa là việc của nhà nông.
cằl nhảng cằl nhé,miêu tả quả trứng có phát ra ánh sáng và nở ra đom đóm (theo dân gian Mường),,
cằl ngổm,Miêu tả ánh sáng lấp lóa của ngọn đèn dầu trẩu,,
cằl ngao,Miêu tả ánh sáng lấp lóa của ngọn đèn dầu trẩu,,
cằl quãi,mô tả động tác vẫy nón,,
hoặc vẫy tay gọi nhau.,Pơi thay càl quãi,Vấy tay loáng thoáng.,
cằl quăc,"mô tả tiếng người hú gọi nhau, hoặc chim kêu tìm nhau",Hốc ngay cằl quăc nhơ chim páng páng hốc ỗi.,Hú gọi tìm ai như chim từ quy gọi bạn.
cằl wách,"mô tả tiếng nói trong trẻo, lời nói khôn khéo",Khẻo mẽnh cằl wách.,Khéo miệng nói lời trong vắt.
cẳl gáy.,Ca cẳl rai là khênh lảng rồi,Gà gáy dồn là trời sắp sáng rồi.,
cẳl hãng,"(gà) gáy rạng, gáy sáng",Ca cẳl hãng.,Gò gáy sáng.
căm,nồng,Pôl căm.,Vôi nồng.
căm,cả,Ăn cả căm xiêng.,Ăn cá cả xương.
căm pôl,"nồng vôi, vôi nông",Năl nắl nhơ tỉa căm pôl.,Nảy giãy như đỉa nông vôi.
cẳm,cắm,Cẳm cọc.,Cắm cọc.
cẳm,cắm,"Chở lễ tha, da cẳm pao đỉ cho ho.","Đừng lấy ra, anh cắm ở đó cho tôi."
cẳm đốc,cắm đò,Cẳm đốc cho cẩng.,Cắm treo đò lại cho cứng khỏi trôi.
cẳm cờ,cắm cờ,Ha cẳm cờ ớ ni dửa.,Ta cắm cờ ở đây nhỉ.
cẳm khoe,cắm cân để uống rượu,,
cẳm lều,cắm lều,"Thổl hồi, cẳm lều tí táy tãm têm may.",Tối rồi cắm lều để ngủ tạm đêm nay.
cẳm măt,cắm mặt,Là chi mà cẳm măt thuổng nhơ thỉa?,Làm cái gì mà cắm mặt xuống như vậy?
cẳm tlãi,cắm trại,"Ngày dao con ti cẳm tlãi, cho con mườl tồng mãng háy.",Ngày mai con đi cắm trại cho con mười đồng mẹ nhé.
cẳm wa,cắm hoa,Cẳm wa i là ngễ thuât.,Cắm hoa cũng là nghệ thuật.
cẵm cẵm,"bỗng nhiên, bỗng dưng",Nả tang ti cẵm cẵm cải xe tâm phái nả.,Nó đang đi bỗng nhiên chiếc xe đâm phải nó.
cẵm cẵm,"bỗng nhiên, bỗng dưng",Tang dỗng cẵm cẵm nả nhãm.,Đang chơi bỗng dưng nó khóc.
căn cay,căn cay (một loại cây lá thơm làm gia vị),,
căn cơ,căn cơ,Enh đỉ là ăn nả hay căn cơ rồi.,Anh ấy thì làm ăn căn cơ rồi.
cằn nhằ,cằn nhằn,Da là po mà cằn nhằn mãi.,Mày làm sao mà cằn nhần mãi?
cẳn,con dúi,Cẳn hay ăn băng.,Con dúi hay ăn măng.
cẳn,"(dốc) đứng, dựng đứng",Cải chỏng Cun cắn lẳm.,Dốc Cun đốc đứng lắm.
căng,choắt,"Nả là wiệc từ quả hê, mõl nả căng lãi, chăng cá nối.","Nó làm việc nhiều quá người choắt lại, không lớn nổi."
căng,"rắn rỏi, chắc",Mõl đói căng.,Người nhỏ chắc.
căng chac,căng dây,Hảo cẩl thắng hàng phái căng chac.,Muốn thẳng hàng phải căng dây.
cẵng,càng,Ủn nì cẵng cá liênh cẵng thốch.,Em này càng lớn lên càng xinh đẹp.
cẵng,càng,Cẵng páo cẵng là.,Càng bảo càng làm.
cẵng,càng,Cẵng pỗ cẵng dớ.,Càng nói càng đỡ.
căp,gặp,"Ho hảo căp ông Bùi Văn Táy, là ơn da chi đủm pỡi.","Làm ơn ông chỉ giúp, tôi muốn gặp ông Bùi Văn Táy."
căp kè,cặp kè,Hai người nả căp kè pỡi rà cá ngày.,Hai người họ cặp kè với nhau cả ngày.
căp rà,gặp nhau,"Lô lẳm rồi ha mởi căp rà, ông khóe chăng è?","Lâu lắm mới lại gặp nhau, ông khỏe không ạ?"
căp rà lẫn,tái ngộ,Hẽn môch ngày tà lãi căp rà lẫn.,Hẹn (một) ngày tái ngộ.
cắp,cắp,Da cắp cải chi ớ chờ kéch thỉa.,Anh cấp cái gì dưới nách vậy.
cắp,cắp,Cảy cua hay cắp.,Con cua hay cắp.
cắp,gắp,Cắp nhúc ăn cho từ pao.,Gắp thịt ăn cho nhiều vào.
cắp kéch,ẵm nách,Ủn nả chua pể cắp kéch ấn no.,Em chưa ấm nách được đâu.
cắp kéch,cắp nách,Da cắp kéch cảy chi đỉ.,Cậu cắp nách cái gà đấy.
cắp kẻnh,đồ lễ,Nòm năp cắp kẻnh.,Đồ lễ.
cắp pải,đan phên tranh,Da tang cắp pải à?,Cậu đang đan phên tranh à?
cắp thăm,bốc thăm,Công bình nhất pằng cách là cắp thăm.,Công bằng nhất là bằng cách bốc thăm.
cặp,gặp,Cặp hà.,Gặp nhau.
căt,cộc,Ho mua ảo căt thay.,Tôi mua áo cộc tay.
căt đe đe,mô tả tiếng côn trùng kêu,,
cấc lấc,lấc cấc,Thàng nì hay pỗ cấc lấc.,Thằng này hay nói lấc cấc.
câl,cây,Câl nì là câl tu.,Cây này là cây xoan.
câl,"khởi đâu, bắt đâu",Cải nì câl pớ no?,Cái này khởi đầu từ đâu?
câl,"khởi đâu, bắt đâu",Câl tũn thẩng nhà.,Bắt đầu gây dựng nhà cửa.
câl,"khởi đâu, bắt đâu",Câl pớ no?,Bắt đầu từ đâu.
câl ăn tlải,cây ăn quả,Ho mởi lông môch wần câl ăn tlải.,Tớ mới trông một vườn cây ăn quả.
câl cổl,cây cối,"Wần nhà da cỏ từ câl cổl, máich dửa.","Vườn cậu có nhiều cây cối, mát nhỉ."
câl khăng,"cây săng, quan tài",Câl khăng thốch nhất là cái pi.,Gỗ cây pi làm quan tài thì tốt nhất.
câl lõi,lõi (cây),Mẩy cải côt nhà là pằng câl lõi nả pền lẳm.,Mấy cái cột nhà làm bằng gỗ lõi thì bền lắm.
câl nhò,cây nhò (một loại cây trên rừng rất chắc hay dùng để làm nỏ),,
câl thá,cây cối (những cây cối mọc trên khu mộ địa),,
câi thã má mên,khu nghĩa địa,,
cầl cầl,đè giữ khư khư (một cái gì đó khá mạnh),,
cầl nhanh,mô phỏng tiếng nói tiếng cười xen lẫn nhau; nhao nhao,,
cẩl,cấy,Ủn Nhàn ti cẩl à?,Cô Nhàn đi cấy à?
cẩl hải,cấy hái,Mùa cẩl hải là mùa pui.,Mùa cấy hái là mùa vui.
cẩl thê,cấy rẽ,Mễ đỉ chăng cỏ nà phái ti cẩl thê.,Bà ấy không có ruộng phải đi cấy rẽ.
cầm,cầm,"Hal pãn cầm thay rà, khám qua hỏl.",Hai bạn nắm tay nhau lội qua suối.
cầm đồ,cầm đồ,"Tủng mẵn hê,",
phái cầm đồ tí lễ tiền tlá nỡ.,"Túng quá, phải cầm đồ để lấy tiền trả nợ",,
cầm hơi,cầm hơi,Ăn chảo cầm hơi.,Ăn cháo cầm hơi.
cầm khả nẵm,cầm đằng chuôi,"Cầm tao cầm khả nẵm, cầm khả",
lãi mà tếch.,"Cẩm đằng chuôi dao, đừng cầm đằng lưỡi mù đứt tay",,
cầm lòng,cầm lòng,Đố cánh đỉ chăng cầm lòng án.,"Thấy cảnh đó, không cầm lòng nổi."
cẩm,gấm,Măc ảo cẩm.,Mặc áo gấm.
cẩm,cấm,Cẩm tàn ủn pao tình dỗng.,Cấm các em vào đình chơi.
cẩm cang,cấm cang (lên một loại đá),,
cẩm cang,mô tả tiếng con rùa kêu,Hò cẩm cang pà lang hảo Cuỗi.,"Rùa kêu cẩm cang, bà vợ lang thích thằng Cuội."
cẩm cãi,mô tả trạng thái giận dữ,Tỗng hơn cẩm cẫl.,Giận dữ.
cẩm cứa,cấm cửa,Nhà nả cẩm cứa pa ngày rồi.,Nhà nó cấm cửa ba ngày rôi.
cẩm tlãi,cấm trại,"Binh lỉnh tang phái cẩm tlãi, chăng ản tha wài.","Binh lính đang phải cấm trại, không được ra ngoài."
cẫm,gốc (cây),"Cẫm khi, ta.","Gốc cây si, đa."
cẫm,áng,Cẫm mầl dầm.,Áng mây đen.
cẫm,áng,Cẫm mầl wàng.,Áng mây vàng.
cân,cân,Ông cân nẵng ản hẳng nò?,Ông cán được bao nhiêu cân.
cân,"cân, cân đối","Tam lõ, chăng tí tòn tam cho cân, khỏ ti lẳm.",Gánh lúa không để đòn gánh cho cân khó đi lắm.
cân,"cân, cân đối",Ủn đỉ cân póc mênh.,Cô ấy có dáng vóc thân hình cân đối.
cân khữa,chính giữa,Da ngồi pao cân khữa nhà tí chup ánh.,Em ngồi chính giữa nhà để chụp ảnh.
cân khữa,chính giữa,Ngồi cân khữa chiểu.,Ngồi giữa chiếu.
cân pàn,cân bàn,Cân pàn nì cân ản từ lõ.,Cân bàn này cân được nhiều thóc.
cân phái,cân đúng,Da cân cho ho phái chăng?,Bà côn có đúng cho tôi không?
cân tã,cân tạ,Cãi cân nì là cân tã.,Cái cân này là cân tạ.
cân têm,nửa đêm,Cân têm ca cẳl.,Nứa đêm gà gáy.
cân tĩa,cân đĩa,Cân tĩa i cỏ từ cải tiễn.,Cân đĩa cũng có nhiều sự tiện.
cần,cần,Ho cần môch ói tiễn.,Tôi cần một ít tiền.
cần cau,cần câu,Cần cau nì pằng măng.,Cần câu này bằng trúc.
cần dùng,cần dùng,Da cần dùng cải nì chăng?,Cậu cần dùng cái này không?
cần mái,cần cấp; cần gấp,Ho cần mái cải nhà tí ớ.,Tôi cân cấp cái nhà để ở.
cần phái,cần phải,Ho cần phái là cho án wiêc đỉ.,Tôi cẩn phải làm được việc đó.
cần thiết,cần thiết,"Bút, khách, mâc cần thiết cho hoc tlò.","Bút, sách, mực cần thiết cho học sinh."
cấn,cắt,Da là ơn cấn cho ho môch nứa tlải hủng.,Anh làm ơn cắt cho tôi một nửa quả đu đủ.
cấn thẫn,cẩn thận,Enh Tư nhà ho tỉnh chăng ản cấn thẫn.,Anh Tư nhà tôi tính không được cẩn thận.
cẫn vễ,cận vệ,Cẫn vễ da no rồi?,Người cận vệ của anh đâu rồi?
cẩng cóng,cứng ngắc,Nả tà chít cẩng cóng tha rồi.,Nó đã chết cứng ngắc ra rồi.
cẩng cố,bạo dạn,Ủn Cao cẩng cố lẳm chăng đưới cải chi.,"Em Cao bạo dạn lắm, không sợ (cải) gì."
cẩng cố,cứng cổ,À thàng nì cẩng cố là hong.,"A, thằng này cứng cổ thật."
cẩng cố,bướng bỉnh,Đãy páo đa từ rồi mà đa còn cẩng cố.,Dạy dỗ con nhiều rồi mà con vẫn bướng bỉnh.
cẩng cố,gan dạ,"Nả cẩng cố lẳm, môch chắc nả đắm tị liênh tồl.","Nó gan dạ lắm, một mình nó dám lên đồi."
cẩng kel,cứng cổ,"Ủn đói nì chua cẩng kel, chua ngồi ản.",Em bé này chưa cứng cổ lắm nên chưa ngồi được.
cẩng khờ,cứng đờ,"Tập là uổn đéo mé mõl cử cẩng khờ tha, tí là po mà tâp án.","Tập uốn dẻo mà người thì cúng đờ ra, làm sao mà tập được."
cẩng lãi,cứng lưỡi,"Cải lãi nả cẩng, điênh chăng khể ản thiểng mõl.","Cái lưỡi nó cứng, nên nó không nói được tiếng Mường."
cẩng tã,vững dạ,Ti pỡi da ho măng cẩng tã lẳm.,Đi cùng với anh tôi cảm thấy vững dạ lắm.
cẩng tiốc,cứng đầu,"À, thàng nì cẩng tlố là hong.","A, thằng này cứng đầu thật."
cẩng tlỗng,vững lòng,"Ti pỡi mõl măt ảng khả, ho măng cẩng tlỗng lẳm.","Đi với người biết đường xá, tôi thấy vững lòng lắm."
cấp,gấp,Táy dẫl cổ cải ố y chăng cấp ản nưa à?,Ngủ dậy có cái chăn thôi cũng không gấp được à?
cấp,gấp,Da dàu cấp hal ho.,Cậu giàu gấp hai tớ.
cấp cửu,cứu,"Nả tau nẵng, phái cho ti cấp cửu.",Nó đau nặng phải cho đi cấp cứu.
cât hơi,hết thở,Mễ đỉ tà cât hơi rồi.,Bà ấy đã hết thở rồi.
cât khức,cật lực,Là cât khức mà chăng tú ăn.,Làm cật lực mà không đủ ăn.
cất công,cất công,Da tà cất công tiểnh ni phái ớ dỗng hơ.,Cậu đã cất công lên đây phải ở chơi đã.
cất dắc,cất nhắc,Khà đỉ mởi ản cất dắc liênh là quan.,Tay ấy mới được cất nhắc lên làm quan.
cất kễ,tắc kè,Con cất kễ ngâm rão ỏng y là môch tởng thuốc.,Con tắc kè ngâm rượu uống cũng là một vị thuốc.
cất miềnh,cất mình,Cất miềnh ha tều chõng dẫl.,Cất mình ta cùng đứng dậy.
cất nhà,cất nhà,Hôm đấp nhà An cất nhà.,Tối hôm kia nhà An cất nhà.
câu bằng cu chửi.,Ho khể câu đỉ da páo rằng câu bẳng da à?,"Tôi nói câu ấy, anh bảo rằng câu chửi anh à?",
câu đổi,câu đối,Thết pẫu hay đản câu đối ớ tlong nhà.,Tết người ta hay dán câu đối trong nhà.
câu kế,câu kể,Câu văn nì là dãng câu kế.,Câu văn này là dạng câu kể.
cầu,cầu,Cầu bong tẳng wãi.,Cầu vong giữ vía.
cầu xin,cầu xin,Ho cầu xin da lần nì là môch đã.,Tôi cầu xin anh lần này là lần thứ nhất.
cầy,"cầy, chó","À, hôm may ha ti ăn nhúc cầy tơ dửa.","À, tối hôm nay ta đi ăn thịt cây tơ nhỉ."
cầy hơm,cầy hương,Dồng cầy hơm i quỷ.,Giống cầy hương cũng quí.
cẫy,gậy,Cải cẫy ho mởi tí ớ ni ớ no rồi?,Cái gậy tôi mới để ở đây ở đâu rôi?
cẫy,cậy,Chở cẫy miềnh dàu cỏ mà khinh pẫu.,Đừng cậy mình giàu có mà khinh người ta.
cẫy tài,cậy tài,Cỏ tài mà cẫy chi tài.,Có tài mà cậy chi tài.
cẫy thể,cậy thế,Nả cẫy thể là quan pắt nat pẫu.,Hắn cậy thế làm quan bắt nạt người ta.
cha,vườn,Ca pao cha tắc cái.,Gà vào vườn rau cải.
chà,chè,Ăn pẻnh chà lam.,Ăn bánh chè lam.
chà,chết,Pổ mễ ti chit ti chà.,Chu mẹ đi chết.
chà,gần,,
chà bunh,giàn lọc nước tro để hoà màu nhuộm vải,Cải chà bunh nhà ha loc đá bunh ản pa chẫu rồi.,
chà huỗng,"góc nhà, phần dưới đất ở đầu nên nhà nơi đặt thang bắc lên nhà sàn",,
chà ơi,chao ôi,Chà ơi tau lẳm.,"Chao ôi, đau quá"
chà ơn,cảm ơn,Chà ơn da thôn nỡ.,Cảm ơn cháu nhé.
chả,rét,Mẩy ngày hôm may chăng chả nưa.,Mấy ngày hôm nay không rét nữa.
chít chả,chết rét,Còn chả bỏi lô tlu hay chít chả.,Rét sương muối làm trâu hay chết rét.
chả bỏi,rét sương muối,"Tỏl hum tã, chả bỏi hum lòng.","Đói chung dạ, rét giá sương muối chung lòng."
chả lăng xenh,"hàn giá, rét, lạnh",Mẩy may tlời chả lăng xenh.,"Mấy hôm nay, thời tiết giá rét."
chả lẽnh,giá lạnh,Pao nhà khói chả lẽnh.,Vào nhà cho khỏi giá lạnh.
chá,chả,Cải nì là chá cả.,Cái này là chả cá.
chá,đào,Cải hủ nì ông hảo chá thỉa nò?,Cái hố này ông muốn đào nó như thế nào?
chá,đào,Tào tất chá khe.,Đào nhái.
chá,"chà! (thán từ biểu thị sự xuýt xoa khen ngợi hoặc tình cảm đau đớn, yêu thương nồng nàn)",,
chá,giã (nhanh) (giã mau nhịp chày),Chá cáo.,Giã gạo.
chá cả,chả cá,Chá cả điênh ăn nhất là chá cả nheo.,Chả cá ngon nhất là chả cá nheo.
chá dò,chả giò,Mỏn chá dò ăn đo chăng chản.,Món chả giò ăn no không chán.
chá khây nò,chả bao giờ,Ho chá khây nò đẳm ỏng rão khay nưa.,Tôi chả bao giờ dám uống rượu say nữa.
chá nảng,chả nướng,Chí còn môch cắp chá nảng nưa thơi.,Chỉ còn một gắp chả nướng nữa thôi.
chá xảy,đào xới,Lễ xénh chá xảy tất liênh.,Lấy thuổng đào xới đất lên.
chã,dở,Enh đỉ thếnh tháng nả liênh cơn chã.,Anh ấy thỉnh thoảng lên cơn dở.
chac,"dây, chạc","Cải chac nì là chac dù, pền lẳm.",Cái dây này là dây dù chắc lắm.
chac,"dây, chạc","Hôm may ho ti pừa, tếch chac tlu.","Bữa nay tôi đi bừa, đứt chạc trâu."
chac băng,dây băng,Cải chac băng nì chăng mắt pẫu là pằng chi.,Dây băng này không biết người ta làm bằng gì.
chac bóc,dây bằng vóc,Tlải còn hồng tơm thua chac bóc.,Trái còn hồng đơm tua dây bằng vóc.
chac chun,dây chun,Ủn cỏ chac chun cho ho môch khưỡi.,Em có sợi dây chun cho tôi một sợi.
chac cung,dây cung,Chac cung pẫu hay là pằng cai.,Dây cung người ta hay làm bằng gai.
chac cương,dây cương,Chac cương ngữa ho hảo tếch rồi.,Dây cương ngựa của tôi sắp đút rồi.
chac dày,dây giày,Chac dày nì là pằng khỡi pông.,Dây giày này là làm bằng sơi bông.
chac gươm,dây gươn (dây để đeo gươm),,
chac khủng,dây súng,Chac khủng nì là pằng ta pò.,Dây súng này làm bằng da bò.
chạc lảo,dây bận bằng nứa,Chạc lảo chac tang.,"Dây nứa, đây dang."
chac lâng,dây lưng (dây vải tết 4 cạnh nhỏ thắt vào lưng của phụ nữ),Cải chac lâng nì hảo tếch rồi.,Cái dây lưng này gần đứt rồi.
chac lồ,dây hoa (dây làm bằng vải hoa),,
chac măc,dây móc,Chac măc kiền đỏn.,Dây móc kiền nón.
chac măc,dây móc,Dầm nhơ chac măc.,Đen như dây móc.
chac mằng,dây màng (dây mỏng căng ra làm cữ để nhẩy cao),,
chac nhỡ,"dây chỉ, dây gai",,
chac rút,giải rút,Chac rút quần da dài quả hê.,Giải rút quần mày dài quá.
chac thóc,cọng rơm,Chở cảnh chac thóc mà tếch mềm.,Đừng cắn cọng rơm mà đứt mồm.
chac tĩu,dây cao su,Ho cỏ hal chac tĩu dầm.,Tớ có hai dây cao su đen.
chac xích,dây xích,Chỏ cảnh tếch chac xích.,Chó cắn đứt dây xích.
chác,mua,Chăng pảinh chác chi nưa.,Chẳng bán chác gì nữa.
chach,chặt,Chach long cải câl cáp nì tha cho ho.,Chặt rời cái cây tre này ra cho tao.
chach,chặt,Da chach đủm ho câl nì pỡi.,Em chặt giúp cho tôi cát cây này  với.
chach ché,chặt và chẻ,Da lễ câl cúi chach tha rồi ché đủm ho pỡi.,"Anh lấy cây củi, chặt ra rồi, chẻ nhỏ giúp tôi với."
chach tếch,chặt đứt,Là po da chach tếch câl hủng ti rồi?,Làm sao anh chặt đứt cây đu đủ đi rồi?
chach tlốc,chợt đầu,Khây hơ là phái thỗi chach tlốc đã.,Ngày xưa là mắc tội chặt đầu đấy!
chai,chai,Ha ỏng hết chai rão nì.,Ta uống hết chơi rượu này.
chai tli,chai ba,Cải chai tli nì cỏ đởng cải chi chăng?,Cái chai ba này có đựng gì không?
chải ải,hình ảnh một nhà lầu của ma vô hình (do tưởng tượng mà có),Nhòm đố nhà lầu cảy ma đỉ điênh chải ải.,Nhìn thấy nhà ma vô hình hiện ra.
chái,chải,Cá ngày ho chí đố da chái thăc thơi.,"Suốt cả ngày, tôi chỉ thấy cô chải tóc thôi."
chái chuốt,chải chuốt,Da phái chái chuốt cho thốch pao.,Cậu phải chải chuốt cho đẹp vào.
chái tlốc,chải đầu,"Tỡi nả môch ói, nả tang chái tlốc.","Đợi nó một ít, nó đang chải đầu."
chãi,choấi,Ngỏn chân nì chãi tha.,Ngón chân này choãi ra.
chal,đai,Ông mặc ảo chai wàng.,Ông măc ảo đai vàng.
chàl,chài,Hôm may bác cỏ ti tảnh chàl chăng?,Hôm nay bác có đi quăng chài không?
chàl,chài,Tainh chàl tainh lải.,"Đan chài, đan lưới."
chàl lải,chài lưới,"Ti tảnh cả, phái cỏ chàl cá, lải thốch.","Đi đánh cá phải có chài to, lưới đẹp."
chàm,chàm,Wẳl nhuỗm chàm thốch lẳm.,Váy nhuộm chàm đẹp lắm.
chãm,chạm,"Nả chãm phái thay ỷ pả, nả tẳl chắc.",Chạm phải tay đàn bà nó giật mình.
chãm cốc,chạm cốc,Ha chãm cốc tí chúc mờng thẳng lỡi.,Ta chạm cốc để chúc mừng thắng lợi.
chãm đích,chạm đích,Ho chãm đích tlước da hal dây.,Tớ chạm đích trước cậu hơi giây.
chãm khãm,que vót nhọn,Chân ho nhẩm phái chãm khãm tau lẳm.,Chân tôi dẫm phải que vót nhọn đau lắm.
chãm pac,chạm bạc,Ủn mãi tleo lằm chãm pac.,Cô gái đeo vòng chạm bạc.
chãm tlố,chạm trổ,Là ngề chãm tlố phái khẻo khay mởi ản.,Làm nghề chạm trổ phải khéo tay mới được.
chãm wa,chạm hoa,Lằm pac chãm wa.,Vòng bạc chạm hoa.
chan,chan,Ăn cơm chăng chan nả ăn chăng án.,Không có nước canh chan vào cơm thì nó không ăn nổi.
chàn,gác,Ni là cải chàn tí ố chiểu.,Đây là cái gác để chăn chiếu.
chàn khách,kệ sách,Ho tí quyến khách ớ tliênh chàn khách.,Tôi để quyển sách ở trên kệ sách.
chàn tũa pát,chạn bát,Chàn pát tũa pẫu hay tí khênh pếp.,Người ta hay để chạn bát cạnh bếp.
chản,chán,Chản cải kiếp khổng xa tất xa mường nì rồi.,Sống xa quê hương buồn chán lắm rồi.
chản,chán,Ăn chản ăn thừa.,Ăn chún ăn thừa.
chản chản,con gian,Kẻnh con chản chản nì màu nu.,Cánh con gián này màu nâu.
chản chản,con gian,Thuốc pó chản chản.,Thuốc diệt gián.
chản chê,chán chê,Ăn chản chê mởi thôi.,Ăn chán chê thì thôi.
chản chường,chán  chường,Măng chản chường chăng pui ói nò.,Cảm thấy chán chường chẳng vui chút nào.
chản két,chán ghét,Ho chản két cải tlò cớ đĩ rồi.,Tớ chán ghét cúi trò đểu ấy rồi.
chản nán,chán nản,Đét con hay chỏng chản nán.,Trẻ con hay chán nản.
chản ngản,chán ngán,Ho măng chản ngản quả hê.,Tôi chán ngán quá chừng.
chản tời,chán đời,Da chản tời rồi à?,Mày chán đời rồi à?
chãn,chỗ sàn hẹp ở đầu cầu thang bên ngoài ngưỡng cửa vào nhà sàn,,
chàng,"chàng, chàng trai",Chàng tlal nì thốch tửa dửa.,Chàng trai này đang độ đẹp trai.
chàng chảu,chàng rể,Chàng chảu nhà ho thốch tlỗng là hong.,Chàng rể nhà tôi tốt bụng thật.
chàng Chiếng Uổn,tên một anh chàng theo tưởng tượng dân gian Mường,,
chàng khao,chàng sao; ngôi sao sáng,,
chàng Náich,"tên một người có nhiều quyền thế, theo tưởng tượng dân gian Mường",,
chàng nẻnh,cây sa nhân,Pao theo khỗ chàng nẻnh.,Vào trong rừng cây sa nhân.
chàng Chum Khenh,"chàng Chum Khenh; một người ở trên trời, theo tưởng tượng của dân gian Mường",,
chàng ràng,chàng ràng,"Pay chăng ti ti, còn chàng ràng ớ đỉ à?","Không đi đi, còn đứng chùng ròng ở đấy à?"
cháng,đồng đảnh,Người đỉ cháng.,Cô ấy đóng đảnh.
cháng,hiếu động,Tãi da cháng mẵn hê hơ mởi lớ đã ủn ời.,"Tại em hiếu động quá, nên mới ngã đấy em ạ."
cháng mẽnh,"bẻm miệng, bẻm mép",Ho két nhất mõl cháng mẽnh.,Tớ ghét nhất đứa bẻm miệng.
cháng mồm,lẻo mồm,Da là thàng cháng mồm.,Mày là thằng lễo mồm.
chãng,"giạng, xạc chân",,
chao hao,hình ảnh một vùng trước bãi tha ma,Cứa tổng mường ma đỉ đênh chao hao.,Cửa Mường ma đấy nên chao hao.
chao mang,"thủ tục cuối cùng do đại diện hai họ (trai, gái) thục hiện trong một lễ cưới, thủ tục này được kết thúc bằng việc nâng cốc uống cạn rượu",,
chao thay,rửa tay,Hảo ăn cơm phái thứa thay.,Rửa tay trước khi ăn.
chào,chào,Tlé thay chào.,Đưa tay chào.
chào hàng,chào hàng,ủn Nhàn chào hàng đói lẳm.,Cô Nhàn chào hàng giỏi lắm.
chào hão,"chào rượu (thủ tục xã giao trước khi nâng, chúc, câm cần rượu)",,
chào hói,chào hỏi,Đố khéch tiểnh nhà phái chào hói.,Thấy khách đến nhà phải chào hỏi.
chào khéch,chào khách,Da chăng tha chào khéch à?,Mày không ra chào khách à?
chảo,cháo,Da ưa ăn chảo chẳng?,Cậu thích ăn cháo không?
chảo âm,cháo ám,Cả chuổl nổ chảo ảm điênh ăn lẳm.,Cá chuối nấu cháo ám ăn ngon lắm.
chảo ca,cháo gà,Enh cỏ ưa ăn chảo ca chăng?,Anh có thích ăn cháo gà không?
chảo ca,cháo cá,Chảo cả y đinh ăn lẳm.,Cháo cá cũng ngon lắm.
chảo lòng,cháo lòng,Ho ưa ăn chảo lòng.,Tôi thích ăn cháo lòng.
chảo nhúc,cháo thịt,Ho hảo ăn chảo nhúc.,Tôi muốn ăn cháo thịt.
chảo wa,cháo hoa,Khảng khốt ăn chảo wai điênh ăn.,Mùa nóng ăn cháo hoa cũng ngon.
cháo,chảo,Cải cháo nhà miềnh khống rồi.,Cái chảo nhà mình bị thủng rồi.
chap,tháng chạp,"Quenh ti quấn lãi, lãi tiểnh khảng chap rồi.","Quanh đi quấn lại, lại đến tháng chạp rồi."
chát,chát,Chát nhơ tlải hồng khổng.,Chát như quả hồng còn xanh.
chát,chát,Tlải hồng nì còn chát lẳm.,Quả hông này còn chát lắm.
chảu,rể,Ho là chảu nhà Phin.,Tôi là rể nhà Phin.
chảu,"cây chỏu, cây sặt",,
chãu,"giỏ, lèn, túi",Chãu hố băl.,Túi đựng đồ may vá.
chay,một loại bánh nếp gói lá chuối đồ,,
chay,chay,Enh đỉ ăn chay huôch năm.,Anh ấy ăn chay quanh năm.
chày,vò,"Còn mốch ét lõ nưa, da tha chày cho ho pỡi.","Còn một ít lúa nữa, em ra vò cho anh với."
chày lõ,vò lúa,Ho tang nhỗn chày lõ.,Mình đang bên vò lúa.
cháy,chảy,Chăng mắt hỏl đác nì nả cháy pớ tiểnh no.,Không biết con suối này nước chảy đến từ đâu.
cháy,chảy,Đác cháy tha.,Nước chảy ra.
cháy,nhuyễn,"Là dò, da phái khố nhúc cho tlến cháy tha mởi ản.","Làm giò, phải giã cho chảy cho nhuyễn thịt ra mới được."
cháy mũi,sổ máu,"Ho điênh củm, cháy mũi cá ngày.","Mình bị cúm, chảy nước mũi cả ngày."
chăc,giặc,"Cô chăc, ha phái tều tảnh.","Có giặc, ta phải cùng đánh."
chắc chã,giặc giã,Nước nò cỏ chăc chã là đân khố lẳm.,Nước nào có giặc giã thì người dân khổ lắm.
chăc có,giặc cỏ,Tàn đỉ chí là bè chăc có.,Bọn ấy chỉ là lũ giặc cỏ.
chắc,chắc,Ho ngẳm chắc là nhơ thỉa.,Tôi tin chắc là như vậy.
chắc,chắc,Da puôc cải chac đỉ cỏ chắc chăng?,Anh buộc cái dây đó có chắc không?
chắc,chắc,Hào cho chắc.,lào cho chắc.
chắc cá,người lớn,Đố chắc cá pỗ mẽnh con đét chăng ản lãi.,"Thấy người lớn nói chuyện, trẻ con không được lại gần."
chắc chẳn,chắc chắn,Là chỉ phái chắc chẳn hơ mởi là.,Làm gì cũng phải chắc chắn thì mới làm.
chắc khà,người già,"Chắc khà, pẫu chăng ưa ồn ào no.",Người già không thích ồn ào đâu.
chắc khà,người già,"Con đét tùi ca, chắc khà cơm hão.","Trẻ con đùi gà, người già cơm rượu."
chắc khà pổ,"phụ thân, bố, cha",Chắc khà pổ nả tà qua tời y khẳng nì năm hơ.,Phụ thân nó qua đời cũng vòo tháng này năm ngoái.
chắc lép,chốc lép,Da còn lo chắc lép à?,Anh còn lo chắc lép phải không?
chắc tlỗng,chắc bụng,Cử là môch pát cơm nguỗi cho chắc tlỗng.,Ăn một bát cơm cho chắc bụng cái đã.
chằl cha,cọc rào vườn,Ché cáp là chằl cha.,Chẻ re làm cọc rào vườn.
chằl hào cọc rào.,Tẻm cáp là chằl hào,Chạý tre làm cọc rào.,
chẳl,cháy,"Chằl nhà, mởi tha măt chuột.",Cháy nhà mới ra mặt chuột.
chẳl huông,"cháy len lỏi, cháy âm ỉ ở bên trong",Cải cãi nì nả chẳl huông ớ tlong roch è.,Cái cây này cháy len lỏi ở trong lòng thân cây à.
chẳl khẻm,cháy sém,"Nã chẳl khẻm lãi, là po mà ăn ản?","Nướng cháy sém lại, làm sao mà ăn được?"
chẳl pốc liênh,bốc cháy,"Chí cần môch pol khón lả thơi, là nả chẳl pốc liênh liền.",Chỉ cần một tàn thuốc thôi là nó bốc cháy lên liền.
chẳl pờng,cháy bùng,Quat cho nả chẳl pờng liênh ti.,Quạt cho nó cháy bùng to lên đi.
chẳl thủl,cháy túi,Ti tha chỡ dão môch wòng tà chẳl thủl.,Đi một vòng chợ tiền đã cháy túi.
chẵl,chạy,"Mưa rồi, chẵl chỏng.","Mựa rồi, chạy nhanh đi."
chẵl ào ào,chạy ào ào,Mõl chẵl ào ào wài khả.,Người chạy ào ào ngoài đường.
